# Blender 4.5.3 LTS
# www.blender.org
mtllib Cylinder.mtl
o Cylinder
v 0.000000 -0.125000 -0.050000
v 0.000000 0.125000 -0.050000
v 0.000646 -0.125000 -0.049996
v 0.000646 0.125000 -0.049996
v 0.001293 -0.125000 -0.049983
v 0.001293 0.125000 -0.049983
v 0.001939 -0.125000 -0.049962
v 0.001939 0.125000 -0.049962
v 0.002585 -0.125000 -0.049933
v 0.002585 0.125000 -0.049933
v 0.003230 -0.125000 -0.049896
v 0.003230 0.125000 -0.049896
v 0.003875 -0.125000 -0.049850
v 0.003875 0.125000 -0.049850
v 0.004519 -0.125000 -0.049795
v 0.004519 0.125000 -0.049795
v 0.005162 -0.125000 -0.049733
v 0.005162 0.125000 -0.049733
v 0.005805 -0.125000 -0.049662
v 0.005805 0.125000 -0.049662
v 0.006446 -0.125000 -0.049583
v 0.006446 0.125000 -0.049583
v 0.007087 -0.125000 -0.049495
v 0.007087 0.125000 -0.049495
v 0.007726 -0.125000 -0.049399
v 0.007726 0.125000 -0.049399
v 0.008364 -0.125000 -0.049295
v 0.008364 0.125000 -0.049295
v 0.009001 -0.125000 -0.049183
v 0.009001 0.125000 -0.049183
v 0.009636 -0.125000 -0.049063
v 0.009636 0.125000 -0.049063
v 0.010269 -0.125000 -0.048934
v 0.010269 0.125000 -0.048934
v 0.010901 -0.125000 -0.048797
v 0.010901 0.125000 -0.048797
v 0.011531 -0.125000 -0.048652
v 0.011531 0.125000 -0.048652
v 0.012159 -0.125000 -0.048499
v 0.012159 0.125000 -0.048499
v 0.012785 -0.125000 -0.048338
v 0.012785 0.125000 -0.048338
v 0.013409 -0.125000 -0.048169
v 0.013409 0.125000 -0.048169
v 0.014030 -0.125000 -0.047991
v 0.014030 0.125000 -0.047991
v 0.014649 -0.125000 -0.047806
v 0.014649 0.125000 -0.047806
v 0.015266 -0.125000 -0.047612
v 0.015266 0.125000 -0.047612
v 0.015881 -0.125000 -0.047411
v 0.015881 0.125000 -0.047411
v 0.016492 -0.125000 -0.047202
v 0.016492 0.125000 -0.047202
v 0.017101 -0.125000 -0.046985
v 0.017101 0.125000 -0.046985
v 0.017707 -0.125000 -0.046760
v 0.017707 0.125000 -0.046760
v 0.018310 -0.125000 -0.046527
v 0.018310 0.125000 -0.046527
v 0.018910 -0.125000 -0.046286
v 0.018910 0.125000 -0.046286
v 0.019507 -0.125000 -0.046038
v 0.019507 0.125000 -0.046038
v 0.020100 -0.125000 -0.045782
v 0.020100 0.125000 -0.045782
v 0.020691 -0.125000 -0.045518
v 0.020691 0.125000 -0.045518
v 0.021277 -0.125000 -0.045247
v 0.021277 0.125000 -0.045247
v 0.021860 -0.125000 -0.044968
v 0.021860 0.125000 -0.044968
v 0.022440 -0.125000 -0.044682
v 0.022440 0.125000 -0.044682
v 0.023016 -0.125000 -0.044388
v 0.023016 0.125000 -0.044388
v 0.023588 -0.125000 -0.044087
v 0.023588 0.125000 -0.044087
v 0.024156 -0.125000 -0.043778
v 0.024156 0.125000 -0.043778
v 0.024720 -0.125000 -0.043462
v 0.024720 0.125000 -0.043462
v 0.025279 -0.125000 -0.043139
v 0.025279 0.125000 -0.043139
v 0.025835 -0.125000 -0.042808
v 0.025835 0.125000 -0.042808
v 0.026386 -0.125000 -0.042471
v 0.026386 0.125000 -0.042471
v 0.026933 -0.125000 -0.042126
v 0.026933 0.125000 -0.042126
v 0.027475 -0.125000 -0.041774
v 0.027475 0.125000 -0.041774
v 0.028013 -0.125000 -0.041416
v 0.028013 0.125000 -0.041416
v 0.028546 -0.125000 -0.041050
v 0.028546 0.125000 -0.041050
v 0.029075 -0.125000 -0.040678
v 0.029075 0.125000 -0.040678
v 0.029598 -0.125000 -0.040298
v 0.029598 0.125000 -0.040298
v 0.030117 -0.125000 -0.039912
v 0.030117 0.125000 -0.039912
v 0.030630 -0.125000 -0.039520
v 0.030630 0.125000 -0.039520
v 0.031138 -0.125000 -0.039120
v 0.031138 0.125000 -0.039120
v 0.031642 -0.125000 -0.038715
v 0.031642 0.125000 -0.038715
v 0.032139 -0.125000 -0.038302
v 0.032139 0.125000 -0.038302
v 0.032632 -0.125000 -0.037884
v 0.032632 0.125000 -0.037884
v 0.033119 -0.125000 -0.037458
v 0.033119 0.125000 -0.037458
v 0.033600 -0.125000 -0.037027
v 0.033600 0.125000 -0.037027
v 0.034076 -0.125000 -0.036590
v 0.034076 0.125000 -0.036590
v 0.034546 -0.125000 -0.036146
v 0.034546 0.125000 -0.036146
v 0.035011 -0.125000 -0.035696
v 0.035011 0.125000 -0.035696
v 0.035469 -0.125000 -0.035241
v 0.035469 0.125000 -0.035241
v 0.035922 -0.125000 -0.034779
v 0.035922 0.125000 -0.034779
v 0.036369 -0.125000 -0.034312
v 0.036369 0.125000 -0.034312
v 0.036809 -0.125000 -0.033839
v 0.036809 0.125000 -0.033839
v 0.037244 -0.125000 -0.033360
v 0.037244 0.125000 -0.033360
v 0.037672 -0.125000 -0.032876
v 0.037672 0.125000 -0.032876
v 0.038094 -0.125000 -0.032386
v 0.038094 0.125000 -0.032386
v 0.038509 -0.125000 -0.031891
v 0.038509 0.125000 -0.031891
v 0.038918 -0.125000 -0.031391
v 0.038918 0.125000 -0.031391
v 0.039321 -0.125000 -0.030885
v 0.039321 0.125000 -0.030885
v 0.039717 -0.125000 -0.030374
v 0.039717 0.125000 -0.030374
v 0.040106 -0.125000 -0.029858
v 0.040106 0.125000 -0.029858
v 0.040489 -0.125000 -0.029337
v 0.040489 0.125000 -0.029337
v 0.040865 -0.125000 -0.028811
v 0.040865 0.125000 -0.028811
v 0.041234 -0.125000 -0.028280
v 0.041234 0.125000 -0.028280
v 0.041596 -0.125000 -0.027745
v 0.041596 0.125000 -0.027745
v 0.041951 -0.125000 -0.027205
v 0.041951 0.125000 -0.027205
v 0.042299 -0.125000 -0.026660
v 0.042299 0.125000 -0.026660
v 0.042640 -0.125000 -0.026111
v 0.042640 0.125000 -0.026111
v 0.042974 -0.125000 -0.025558
v 0.042974 0.125000 -0.025558
v 0.043301 -0.125000 -0.025000
v 0.043301 0.125000 -0.025000
v 0.043621 -0.125000 -0.024438
v 0.043621 0.125000 -0.024438
v 0.043933 -0.125000 -0.023872
v 0.043933 0.125000 -0.023872
v 0.044238 -0.125000 -0.023302
v 0.044238 0.125000 -0.023302
v 0.044536 -0.125000 -0.022728
v 0.044536 0.125000 -0.022728
v 0.044826 -0.125000 -0.022151
v 0.044826 0.125000 -0.022151
v 0.045108 -0.125000 -0.021569
v 0.045108 0.125000 -0.021569
v 0.045383 -0.125000 -0.020984
v 0.045383 0.125000 -0.020984
v 0.045651 -0.125000 -0.020396
v 0.045651 0.125000 -0.020396
v 0.045911 -0.125000 -0.019804
v 0.045911 0.125000 -0.019804
v 0.046163 -0.125000 -0.019209
v 0.046163 0.125000 -0.019209
v 0.046407 -0.125000 -0.018610
v 0.046407 0.125000 -0.018610
v 0.046644 -0.125000 -0.018009
v 0.046644 0.125000 -0.018009
v 0.046873 -0.125000 -0.017404
v 0.046873 0.125000 -0.017404
v 0.047094 -0.125000 -0.016797
v 0.047094 0.125000 -0.016797
v 0.047307 -0.125000 -0.016187
v 0.047307 0.125000 -0.016187
v 0.047513 -0.125000 -0.015574
v 0.047513 0.125000 -0.015574
v 0.047710 -0.125000 -0.014958
v 0.047710 0.125000 -0.014958
v 0.047899 -0.125000 -0.014340
v 0.047899 0.125000 -0.014340
v 0.048081 -0.125000 -0.013720
v 0.048081 0.125000 -0.013720
v 0.048254 -0.125000 -0.013097
v 0.048254 0.125000 -0.013097
v 0.048420 -0.125000 -0.012472
v 0.048420 0.125000 -0.012472
v 0.048577 -0.125000 -0.011845
v 0.048577 0.125000 -0.011845
v 0.048726 -0.125000 -0.011216
v 0.048726 0.125000 -0.011216
v 0.048867 -0.125000 -0.010585
v 0.048867 0.125000 -0.010585
v 0.048999 -0.125000 -0.009953
v 0.048999 0.125000 -0.009953
v 0.049124 -0.125000 -0.009318
v 0.049124 0.125000 -0.009318
v 0.049240 -0.125000 -0.008682
v 0.049240 0.125000 -0.008682
v 0.049349 -0.125000 -0.008045
v 0.049349 0.125000 -0.008045
v 0.049448 -0.125000 -0.007406
v 0.049448 0.125000 -0.007406
v 0.049540 -0.125000 -0.006767
v 0.049540 0.125000 -0.006767
v 0.049623 -0.125000 -0.006126
v 0.049623 0.125000 -0.006126
v 0.049698 -0.125000 -0.005484
v 0.049698 0.125000 -0.005484
v 0.049765 -0.125000 -0.004841
v 0.049765 0.125000 -0.004841
v 0.049824 -0.125000 -0.004197
v 0.049824 0.125000 -0.004197
v 0.049874 -0.125000 -0.003552
v 0.049874 0.125000 -0.003552
v 0.049915 -0.125000 -0.002907
v 0.049915 0.125000 -0.002907
v 0.049949 -0.125000 -0.002262
v 0.049949 0.125000 -0.002262
v 0.049974 -0.125000 -0.001616
v 0.049974 0.125000 -0.001616
v 0.049991 -0.125000 -0.000970
v 0.049991 0.125000 -0.000970
v 0.049999 -0.125000 -0.000323
v 0.049999 0.125000 -0.000323
v 0.049999 -0.125000 0.000323
v 0.049999 0.125000 0.000323
v 0.049991 -0.125000 0.000970
v 0.049991 0.125000 0.000970
v 0.049974 -0.125000 0.001616
v 0.049974 0.125000 0.001616
v 0.049949 -0.125000 0.002262
v 0.049949 0.125000 0.002262
v 0.049915 -0.125000 0.002907
v 0.049915 0.125000 0.002907
v 0.049874 -0.125000 0.003552
v 0.049874 0.125000 0.003552
v 0.049824 -0.125000 0.004197
v 0.049824 0.125000 0.004197
v 0.049765 -0.125000 0.004841
v 0.049765 0.125000 0.004841
v 0.049698 -0.125000 0.005484
v 0.049698 0.125000 0.005484
v 0.049623 -0.125000 0.006126
v 0.049623 0.125000 0.006126
v 0.049540 -0.125000 0.006767
v 0.049540 0.125000 0.006767
v 0.049448 -0.125000 0.007406
v 0.049448 0.125000 0.007406
v 0.049349 -0.125000 0.008045
v 0.049349 0.125000 0.008045
v 0.049240 -0.125000 0.008682
v 0.049240 0.125000 0.008682
v 0.049124 -0.125000 0.009318
v 0.049124 0.125000 0.009318
v 0.048999 -0.125000 0.009953
v 0.048999 0.125000 0.009953
v 0.048867 -0.125000 0.010585
v 0.048867 0.125000 0.010585
v 0.048726 -0.125000 0.011216
v 0.048726 0.125000 0.011216
v 0.048577 -0.125000 0.011845
v 0.048577 0.125000 0.011845
v 0.048420 -0.125000 0.012472
v 0.048420 0.125000 0.012472
v 0.048254 -0.125000 0.013097
v 0.048254 0.125000 0.013097
v 0.048081 -0.125000 0.013720
v 0.048081 0.125000 0.013720
v 0.047899 -0.125000 0.014340
v 0.047899 0.125000 0.014340
v 0.047710 -0.125000 0.014958
v 0.047710 0.125000 0.014958
v 0.047513 -0.125000 0.015574
v 0.047513 0.125000 0.015574
v 0.047307 -0.125000 0.016187
v 0.047307 0.125000 0.016187
v 0.047094 -0.125000 0.016797
v 0.047094 0.125000 0.016797
v 0.046873 -0.125000 0.017404
v 0.046873 0.125000 0.017404
v 0.046644 -0.125000 0.018009
v 0.046644 0.125000 0.018009
v 0.046407 -0.125000 0.018610
v 0.046407 0.125000 0.018610
v 0.046163 -0.125000 0.019209
v 0.046163 0.125000 0.019209
v 0.045911 -0.125000 0.019804
v 0.045911 0.125000 0.019804
v 0.045651 -0.125000 0.020396
v 0.045651 0.125000 0.020396
v 0.045383 -0.125000 0.020984
v 0.045383 0.125000 0.020984
v 0.045108 -0.125000 0.021569
v 0.045108 0.125000 0.021569
v 0.044826 -0.125000 0.022151
v 0.044826 0.125000 0.022151
v 0.044536 -0.125000 0.022728
v 0.044536 0.125000 0.022728
v 0.044238 -0.125000 0.023302
v 0.044238 0.125000 0.023302
v 0.043933 -0.125000 0.023872
v 0.043933 0.125000 0.023872
v 0.043621 -0.125000 0.024438
v 0.043621 0.125000 0.024438
v 0.043301 -0.125000 0.025000
v 0.043301 0.125000 0.025000
v 0.042974 -0.125000 0.025558
v 0.042974 0.125000 0.025558
v 0.042640 -0.125000 0.026111
v 0.042640 0.125000 0.026111
v 0.042299 -0.125000 0.026660
v 0.042299 0.125000 0.026660
v 0.041951 -0.125000 0.027205
v 0.041951 0.125000 0.027205
v 0.041596 -0.125000 0.027745
v 0.041596 0.125000 0.027745
v 0.041234 -0.125000 0.028280
v 0.041234 0.125000 0.028280
v 0.040865 -0.125000 0.028811
v 0.040865 0.125000 0.028811
v 0.040489 -0.125000 0.029337
v 0.040489 0.125000 0.029337
v 0.040106 -0.125000 0.029858
v 0.040106 0.125000 0.029858
v 0.039717 -0.125000 0.030374
v 0.039717 0.125000 0.030374
v 0.039321 -0.125000 0.030885
v 0.039321 0.125000 0.030885
v 0.038918 -0.125000 0.031391
v 0.038918 0.125000 0.031391
v 0.038509 -0.125000 0.031891
v 0.038509 0.125000 0.031891
v 0.038094 -0.125000 0.032386
v 0.038094 0.125000 0.032386
v 0.037672 -0.125000 0.032876
v 0.037672 0.125000 0.032876
v 0.037244 -0.125000 0.033360
v 0.037244 0.125000 0.033360
v 0.036809 -0.125000 0.033839
v 0.036809 0.125000 0.033839
v 0.036369 -0.125000 0.034312
v 0.036369 0.125000 0.034312
v 0.035922 -0.125000 0.034779
v 0.035922 0.125000 0.034779
v 0.035469 -0.125000 0.035241
v 0.035469 0.125000 0.035241
v 0.035011 -0.125000 0.035696
v 0.035011 0.125000 0.035696
v 0.034546 -0.125000 0.036146
v 0.034546 0.125000 0.036146
v 0.034076 -0.125000 0.036590
v 0.034076 0.125000 0.036590
v 0.033600 -0.125000 0.037027
v 0.033600 0.125000 0.037027
v 0.033119 -0.125000 0.037458
v 0.033119 0.125000 0.037458
v 0.032632 -0.125000 0.037884
v 0.032632 0.125000 0.037884
v 0.032139 -0.125000 0.038302
v 0.032139 0.125000 0.038302
v 0.031642 -0.125000 0.038715
v 0.031642 0.125000 0.038715
v 0.031138 -0.125000 0.039120
v 0.031138 0.125000 0.039120
v 0.030630 -0.125000 0.039520
v 0.030630 0.125000 0.039520
v 0.030117 -0.125000 0.039912
v 0.030117 0.125000 0.039912
v 0.029598 -0.125000 0.040298
v 0.029598 0.125000 0.040298
v 0.029075 -0.125000 0.040678
v 0.029075 0.125000 0.040678
v 0.028546 -0.125000 0.041050
v 0.028546 0.125000 0.041050
v 0.028013 -0.125000 0.041416
v 0.028013 0.125000 0.041416
v 0.027475 -0.125000 0.041774
v 0.027475 0.125000 0.041774
v 0.026933 -0.125000 0.042126
v 0.026933 0.125000 0.042126
v 0.026386 -0.125000 0.042471
v 0.026386 0.125000 0.042471
v 0.025835 -0.125000 0.042808
v 0.025835 0.125000 0.042808
v 0.025279 -0.125000 0.043139
v 0.025279 0.125000 0.043139
v 0.024720 -0.125000 0.043462
v 0.024720 0.125000 0.043462
v 0.024156 -0.125000 0.043778
v 0.024156 0.125000 0.043778
v 0.023588 -0.125000 0.044087
v 0.023588 0.125000 0.044087
v 0.023016 -0.125000 0.044388
v 0.023016 0.125000 0.044388
v 0.022440 -0.125000 0.044682
v 0.022440 0.125000 0.044682
v 0.021860 -0.125000 0.044968
v 0.021860 0.125000 0.044968
v 0.021277 -0.125000 0.045247
v 0.021277 0.125000 0.045247
v 0.020691 -0.125000 0.045518
v 0.020691 0.125000 0.045518
v 0.020100 -0.125000 0.045782
v 0.020100 0.125000 0.045782
v 0.019507 -0.125000 0.046038
v 0.019507 0.125000 0.046038
v 0.018910 -0.125000 0.046286
v 0.018910 0.125000 0.046286
v 0.018310 -0.125000 0.046527
v 0.018310 0.125000 0.046527
v 0.017707 -0.125000 0.046760
v 0.017707 0.125000 0.046760
v 0.017101 -0.125000 0.046985
v 0.017101 0.125000 0.046985
v 0.016492 -0.125000 0.047202
v 0.016492 0.125000 0.047202
v 0.015881 -0.125000 0.047411
v 0.015881 0.125000 0.047411
v 0.015266 -0.125000 0.047612
v 0.015266 0.125000 0.047612
v 0.014649 -0.125000 0.047806
v 0.014649 0.125000 0.047806
v 0.014030 -0.125000 0.047991
v 0.014030 0.125000 0.047991
v 0.013409 -0.125000 0.048169
v 0.013409 0.125000 0.048169
v 0.012785 -0.125000 0.048338
v 0.012785 0.125000 0.048338
v 0.012159 -0.125000 0.048499
v 0.012159 0.125000 0.048499
v 0.011531 -0.125000 0.048652
v 0.011531 0.125000 0.048652
v 0.010901 -0.125000 0.048797
v 0.010901 0.125000 0.048797
v 0.010269 -0.125000 0.048934
v 0.010269 0.125000 0.048934
v 0.009636 -0.125000 0.049063
v 0.009636 0.125000 0.049063
v 0.009001 -0.125000 0.049183
v 0.009001 0.125000 0.049183
v 0.008364 -0.125000 0.049295
v 0.008364 0.125000 0.049295
v 0.007726 -0.125000 0.049399
v 0.007726 0.125000 0.049399
v 0.007087 -0.125000 0.049495
v 0.007087 0.125000 0.049495
v 0.006446 -0.125000 0.049583
v 0.006446 0.125000 0.049583
v 0.005805 -0.125000 0.049662
v 0.005805 0.125000 0.049662
v 0.005162 -0.125000 0.049733
v 0.005162 0.125000 0.049733
v 0.004519 -0.125000 0.049795
v 0.004519 0.125000 0.049795
v 0.003875 -0.125000 0.049850
v 0.003875 0.125000 0.049850
v 0.003230 -0.125000 0.049896
v 0.003230 0.125000 0.049896
v 0.002585 -0.125000 0.049933
v 0.002585 0.125000 0.049933
v 0.001939 -0.125000 0.049962
v 0.001939 0.125000 0.049962
v 0.001293 -0.125000 0.049983
v 0.001293 0.125000 0.049983
v 0.000646 -0.125000 0.049996
v 0.000646 0.125000 0.049996
v 0.000000 -0.125000 0.050000
v 0.000000 0.125000 0.050000
v -0.000646 -0.125000 0.049996
v -0.000646 0.125000 0.049996
v -0.001293 -0.125000 0.049983
v -0.001293 0.125000 0.049983
v -0.001939 -0.125000 0.049962
v -0.001939 0.125000 0.049962
v -0.002585 -0.125000 0.049933
v -0.002585 0.125000 0.049933
v -0.003230 -0.125000 0.049896
v -0.003230 0.125000 0.049896
v -0.003875 -0.125000 0.049850
v -0.003875 0.125000 0.049850
v -0.004519 -0.125000 0.049795
v -0.004519 0.125000 0.049795
v -0.005162 -0.125000 0.049733
v -0.005162 0.125000 0.049733
v -0.005805 -0.125000 0.049662
v -0.005805 0.125000 0.049662
v -0.006446 -0.125000 0.049583
v -0.006446 0.125000 0.049583
v -0.007087 -0.125000 0.049495
v -0.007087 0.125000 0.049495
v -0.007726 -0.125000 0.049399
v -0.007726 0.125000 0.049399
v -0.008364 -0.125000 0.049295
v -0.008364 0.125000 0.049295
v -0.009001 -0.125000 0.049183
v -0.009001 0.125000 0.049183
v -0.009636 -0.125000 0.049063
v -0.009636 0.125000 0.049063
v -0.010269 -0.125000 0.048934
v -0.010269 0.125000 0.048934
v -0.010901 -0.125000 0.048797
v -0.010901 0.125000 0.048797
v -0.011531 -0.125000 0.048652
v -0.011531 0.125000 0.048652
v -0.012159 -0.125000 0.048499
v -0.012159 0.125000 0.048499
v -0.012785 -0.125000 0.048338
v -0.012785 0.125000 0.048338
v -0.013409 -0.125000 0.048169
v -0.013409 0.125000 0.048169
v -0.014030 -0.125000 0.047991
v -0.014030 0.125000 0.047991
v -0.014649 -0.125000 0.047806
v -0.014649 0.125000 0.047806
v -0.015266 -0.125000 0.047612
v -0.015266 0.125000 0.047612
v -0.015881 -0.125000 0.047411
v -0.015881 0.125000 0.047411
v -0.016492 -0.125000 0.047202
v -0.016492 0.125000 0.047202
v -0.017101 -0.125000 0.046985
v -0.017101 0.125000 0.046985
v -0.017707 -0.125000 0.046760
v -0.017707 0.125000 0.046760
v -0.018310 -0.125000 0.046527
v -0.018310 0.125000 0.046527
v -0.018910 -0.125000 0.046286
v -0.018910 0.125000 0.046286
v -0.019507 -0.125000 0.046038
v -0.019507 0.125000 0.046038
v -0.020100 -0.125000 0.045782
v -0.020100 0.125000 0.045782
v -0.020691 -0.125000 0.045518
v -0.020691 0.125000 0.045518
v -0.021277 -0.125000 0.045247
v -0.021277 0.125000 0.045247
v -0.021860 -0.125000 0.044968
v -0.021860 0.125000 0.044968
v -0.022440 -0.125000 0.044682
v -0.022440 0.125000 0.044682
v -0.023016 -0.125000 0.044388
v -0.023016 0.125000 0.044388
v -0.023588 -0.125000 0.044087
v -0.023588 0.125000 0.044087
v -0.024156 -0.125000 0.043778
v -0.024156 0.125000 0.043778
v -0.024720 -0.125000 0.043462
v -0.024720 0.125000 0.043462
v -0.025279 -0.125000 0.043139
v -0.025279 0.125000 0.043139
v -0.025835 -0.125000 0.042808
v -0.025835 0.125000 0.042808
v -0.026386 -0.125000 0.042471
v -0.026386 0.125000 0.042471
v -0.026933 -0.125000 0.042126
v -0.026933 0.125000 0.042126
v -0.027475 -0.125000 0.041774
v -0.027475 0.125000 0.041774
v -0.028013 -0.125000 0.041416
v -0.028013 0.125000 0.041416
v -0.028546 -0.125000 0.041050
v -0.028546 0.125000 0.041050
v -0.029075 -0.125000 0.040678
v -0.029075 0.125000 0.040678
v -0.029598 -0.125000 0.040298
v -0.029598 0.125000 0.040298
v -0.030117 -0.125000 0.039912
v -0.030117 0.125000 0.039912
v -0.030630 -0.125000 0.039520
v -0.030630 0.125000 0.039520
v -0.031138 -0.125000 0.039120
v -0.031138 0.125000 0.039120
v -0.031642 -0.125000 0.038715
v -0.031642 0.125000 0.038715
v -0.032139 -0.125000 0.038302
v -0.032139 0.125000 0.038302
v -0.032632 -0.125000 0.037884
v -0.032632 0.125000 0.037884
v -0.033119 -0.125000 0.037458
v -0.033119 0.125000 0.037458
v -0.033600 -0.125000 0.037027
v -0.033600 0.125000 0.037027
v -0.034076 -0.125000 0.036590
v -0.034076 0.125000 0.036590
v -0.034546 -0.125000 0.036146
v -0.034546 0.125000 0.036146
v -0.035011 -0.125000 0.035696
v -0.035011 0.125000 0.035696
v -0.035469 -0.125000 0.035241
v -0.035469 0.125000 0.035241
v -0.035922 -0.125000 0.034779
v -0.035922 0.125000 0.034779
v -0.036369 -0.125000 0.034312
v -0.036369 0.125000 0.034312
v -0.036809 -0.125000 0.033839
v -0.036809 0.125000 0.033839
v -0.037244 -0.125000 0.033360
v -0.037244 0.125000 0.033360
v -0.037672 -0.125000 0.032876
v -0.037672 0.125000 0.032876
v -0.038094 -0.125000 0.032386
v -0.038094 0.125000 0.032386
v -0.038509 -0.125000 0.031891
v -0.038509 0.125000 0.031891
v -0.038918 -0.125000 0.031391
v -0.038918 0.125000 0.031391
v -0.039321 -0.125000 0.030885
v -0.039321 0.125000 0.030885
v -0.039717 -0.125000 0.030374
v -0.039717 0.125000 0.030374
v -0.040106 -0.125000 0.029858
v -0.040106 0.125000 0.029858
v -0.040489 -0.125000 0.029337
v -0.040489 0.125000 0.029337
v -0.040865 -0.125000 0.028811
v -0.040865 0.125000 0.028811
v -0.041234 -0.125000 0.028280
v -0.041234 0.125000 0.028280
v -0.041596 -0.125000 0.027745
v -0.041596 0.125000 0.027745
v -0.041951 -0.125000 0.027205
v -0.041951 0.125000 0.027205
v -0.042299 -0.125000 0.026660
v -0.042299 0.125000 0.026660
v -0.042640 -0.125000 0.026111
v -0.042640 0.125000 0.026111
v -0.042974 -0.125000 0.025558
v -0.042974 0.125000 0.025558
v -0.043301 -0.125000 0.025000
v -0.043301 0.125000 0.025000
v -0.043621 -0.125000 0.024438
v -0.043621 0.125000 0.024438
v -0.043933 -0.125000 0.023872
v -0.043933 0.125000 0.023872
v -0.044238 -0.125000 0.023302
v -0.044238 0.125000 0.023302
v -0.044536 -0.125000 0.022728
v -0.044536 0.125000 0.022728
v -0.044826 -0.125000 0.022151
v -0.044826 0.125000 0.022151
v -0.045108 -0.125000 0.021569
v -0.045108 0.125000 0.021569
v -0.045383 -0.125000 0.020984
v -0.045383 0.125000 0.020984
v -0.045651 -0.125000 0.020396
v -0.045651 0.125000 0.020396
v -0.045911 -0.125000 0.019804
v -0.045911 0.125000 0.019804
v -0.046163 -0.125000 0.019209
v -0.046163 0.125000 0.019209
v -0.046407 -0.125000 0.018610
v -0.046407 0.125000 0.018610
v -0.046644 -0.125000 0.018009
v -0.046644 0.125000 0.018009
v -0.046873 -0.125000 0.017404
v -0.046873 0.125000 0.017404
v -0.047094 -0.125000 0.016797
v -0.047094 0.125000 0.016797
v -0.047307 -0.125000 0.016187
v -0.047307 0.125000 0.016187
v -0.047513 -0.125000 0.015574
v -0.047513 0.125000 0.015574
v -0.047710 -0.125000 0.014958
v -0.047710 0.125000 0.014958
v -0.047899 -0.125000 0.014340
v -0.047899 0.125000 0.014340
v -0.048081 -0.125000 0.013720
v -0.048081 0.125000 0.013720
v -0.048254 -0.125000 0.013097
v -0.048254 0.125000 0.013097
v -0.048420 -0.125000 0.012472
v -0.048420 0.125000 0.012472
v -0.048577 -0.125000 0.011845
v -0.048577 0.125000 0.011845
v -0.048726 -0.125000 0.011216
v -0.048726 0.125000 0.011216
v -0.048867 -0.125000 0.010585
v -0.048867 0.125000 0.010585
v -0.048999 -0.125000 0.009953
v -0.048999 0.125000 0.009953
v -0.049124 -0.125000 0.009318
v -0.049124 0.125000 0.009318
v -0.049240 -0.125000 0.008682
v -0.049240 0.125000 0.008682
v -0.049349 -0.125000 0.008045
v -0.049349 0.125000 0.008045
v -0.049448 -0.125000 0.007406
v -0.049448 0.125000 0.007406
v -0.049540 -0.125000 0.006767
v -0.049540 0.125000 0.006767
v -0.049623 -0.125000 0.006126
v -0.049623 0.125000 0.006126
v -0.049698 -0.125000 0.005484
v -0.049698 0.125000 0.005484
v -0.049765 -0.125000 0.004841
v -0.049765 0.125000 0.004841
v -0.049824 -0.125000 0.004197
v -0.049824 0.125000 0.004197
v -0.049874 -0.125000 0.003552
v -0.049874 0.125000 0.003552
v -0.049915 -0.125000 0.002907
v -0.049915 0.125000 0.002907
v -0.049949 -0.125000 0.002262
v -0.049949 0.125000 0.002262
v -0.049974 -0.125000 0.001616
v -0.049974 0.125000 0.001616
v -0.049991 -0.125000 0.000970
v -0.049991 0.125000 0.000970
v -0.049999 -0.125000 0.000323
v -0.049999 0.125000 0.000323
v -0.049999 -0.125000 -0.000323
v -0.049999 0.125000 -0.000323
v -0.049991 -0.125000 -0.000970
v -0.049991 0.125000 -0.000970
v -0.049974 -0.125000 -0.001616
v -0.049974 0.125000 -0.001616
v -0.049949 -0.125000 -0.002262
v -0.049949 0.125000 -0.002262
v -0.049915 -0.125000 -0.002907
v -0.049915 0.125000 -0.002907
v -0.049874 -0.125000 -0.003552
v -0.049874 0.125000 -0.003552
v -0.049824 -0.125000 -0.004197
v -0.049824 0.125000 -0.004197
v -0.049765 -0.125000 -0.004841
v -0.049765 0.125000 -0.004841
v -0.049698 -0.125000 -0.005484
v -0.049698 0.125000 -0.005484
v -0.049623 -0.125000 -0.006126
v -0.049623 0.125000 -0.006126
v -0.049540 -0.125000 -0.006767
v -0.049540 0.125000 -0.006767
v -0.049448 -0.125000 -0.007406
v -0.049448 0.125000 -0.007406
v -0.049349 -0.125000 -0.008045
v -0.049349 0.125000 -0.008045
v -0.049240 -0.125000 -0.008682
v -0.049240 0.125000 -0.008682
v -0.049124 -0.125000 -0.009318
v -0.049124 0.125000 -0.009318
v -0.048999 -0.125000 -0.009953
v -0.048999 0.125000 -0.009953
v -0.048867 -0.125000 -0.010585
v -0.048867 0.125000 -0.010585
v -0.048726 -0.125000 -0.011216
v -0.048726 0.125000 -0.011216
v -0.048577 -0.125000 -0.011845
v -0.048577 0.125000 -0.011845
v -0.048420 -0.125000 -0.012472
v -0.048420 0.125000 -0.012472
v -0.048254 -0.125000 -0.013097
v -0.048254 0.125000 -0.013097
v -0.048081 -0.125000 -0.013720
v -0.048081 0.125000 -0.013720
v -0.047899 -0.125000 -0.014340
v -0.047899 0.125000 -0.014340
v -0.047710 -0.125000 -0.014958
v -0.047710 0.125000 -0.014958
v -0.047513 -0.125000 -0.015574
v -0.047513 0.125000 -0.015574
v -0.047307 -0.125000 -0.016187
v -0.047307 0.125000 -0.016187
v -0.047094 -0.125000 -0.016797
v -0.047094 0.125000 -0.016797
v -0.046873 -0.125000 -0.017404
v -0.046873 0.125000 -0.017404
v -0.046644 -0.125000 -0.018009
v -0.046644 0.125000 -0.018009
v -0.046407 -0.125000 -0.018610
v -0.046407 0.125000 -0.018610
v -0.046163 -0.125000 -0.019209
v -0.046163 0.125000 -0.019209
v -0.045911 -0.125000 -0.019804
v -0.045911 0.125000 -0.019804
v -0.045651 -0.125000 -0.020396
v -0.045651 0.125000 -0.020396
v -0.045383 -0.125000 -0.020984
v -0.045383 0.125000 -0.020984
v -0.045108 -0.125000 -0.021569
v -0.045108 0.125000 -0.021569
v -0.044826 -0.125000 -0.022151
v -0.044826 0.125000 -0.022151
v -0.044536 -0.125000 -0.022728
v -0.044536 0.125000 -0.022728
v -0.044238 -0.125000 -0.023302
v -0.044238 0.125000 -0.023302
v -0.043933 -0.125000 -0.023872
v -0.043933 0.125000 -0.023872
v -0.043621 -0.125000 -0.024438
v -0.043621 0.125000 -0.024438
v -0.043301 -0.125000 -0.025000
v -0.043301 0.125000 -0.025000
v -0.042974 -0.125000 -0.025558
v -0.042974 0.125000 -0.025558
v -0.042640 -0.125000 -0.026111
v -0.042640 0.125000 -0.026111
v -0.042299 -0.125000 -0.026660
v -0.042299 0.125000 -0.026660
v -0.041951 -0.125000 -0.027205
v -0.041951 0.125000 -0.027205
v -0.041596 -0.125000 -0.027745
v -0.041596 0.125000 -0.027745
v -0.041234 -0.125000 -0.028280
v -0.041234 0.125000 -0.028280
v -0.040865 -0.125000 -0.028811
v -0.040865 0.125000 -0.028811
v -0.040489 -0.125000 -0.029337
v -0.040489 0.125000 -0.029337
v -0.040106 -0.125000 -0.029858
v -0.040106 0.125000 -0.029858
v -0.039717 -0.125000 -0.030374
v -0.039717 0.125000 -0.030374
v -0.039321 -0.125000 -0.030885
v -0.039321 0.125000 -0.030885
v -0.038918 -0.125000 -0.031391
v -0.038918 0.125000 -0.031391
v -0.038509 -0.125000 -0.031891
v -0.038509 0.125000 -0.031891
v -0.038094 -0.125000 -0.032386
v -0.038094 0.125000 -0.032386
v -0.037672 -0.125000 -0.032876
v -0.037672 0.125000 -0.032876
v -0.037244 -0.125000 -0.033360
v -0.037244 0.125000 -0.033360
v -0.036809 -0.125000 -0.033839
v -0.036809 0.125000 -0.033839
v -0.036369 -0.125000 -0.034312
v -0.036369 0.125000 -0.034312
v -0.035922 -0.125000 -0.034779
v -0.035922 0.125000 -0.034779
v -0.035469 -0.125000 -0.035241
v -0.035469 0.125000 -0.035241
v -0.035011 -0.125000 -0.035696
v -0.035011 0.125000 -0.035696
v -0.034546 -0.125000 -0.036146
v -0.034546 0.125000 -0.036146
v -0.034076 -0.125000 -0.036590
v -0.034076 0.125000 -0.036590
v -0.033600 -0.125000 -0.037027
v -0.033600 0.125000 -0.037027
v -0.033119 -0.125000 -0.037458
v -0.033119 0.125000 -0.037458
v -0.032632 -0.125000 -0.037884
v -0.032632 0.125000 -0.037884
v -0.032139 -0.125000 -0.038302
v -0.032139 0.125000 -0.038302
v -0.031642 -0.125000 -0.038715
v -0.031642 0.125000 -0.038715
v -0.031138 -0.125000 -0.039120
v -0.031138 0.125000 -0.039120
v -0.030630 -0.125000 -0.039520
v -0.030630 0.125000 -0.039520
v -0.030117 -0.125000 -0.039912
v -0.030117 0.125000 -0.039912
v -0.029598 -0.125000 -0.040298
v -0.029598 0.125000 -0.040298
v -0.029075 -0.125000 -0.040678
v -0.029075 0.125000 -0.040678
v -0.028546 -0.125000 -0.041050
v -0.028546 0.125000 -0.041050
v -0.028013 -0.125000 -0.041416
v -0.028013 0.125000 -0.041416
v -0.027475 -0.125000 -0.041774
v -0.027475 0.125000 -0.041774
v -0.026933 -0.125000 -0.042126
v -0.026933 0.125000 -0.042126
v -0.026386 -0.125000 -0.042471
v -0.026386 0.125000 -0.042471
v -0.025835 -0.125000 -0.042808
v -0.025835 0.125000 -0.042808
v -0.025279 -0.125000 -0.043139
v -0.025279 0.125000 -0.043139
v -0.024720 -0.125000 -0.043462
v -0.024720 0.125000 -0.043462
v -0.024156 -0.125000 -0.043778
v -0.024156 0.125000 -0.043778
v -0.023588 -0.125000 -0.044087
v -0.023588 0.125000 -0.044087
v -0.023016 -0.125000 -0.044388
v -0.023016 0.125000 -0.044388
v -0.022440 -0.125000 -0.044682
v -0.022440 0.125000 -0.044682
v -0.021860 -0.125000 -0.044968
v -0.021860 0.125000 -0.044968
v -0.021277 -0.125000 -0.045247
v -0.021277 0.125000 -0.045247
v -0.020691 -0.125000 -0.045518
v -0.020691 0.125000 -0.045518
v -0.020100 -0.125000 -0.045782
v -0.020100 0.125000 -0.045782
v -0.019507 -0.125000 -0.046038
v -0.019507 0.125000 -0.046038
v -0.018910 -0.125000 -0.046286
v -0.018910 0.125000 -0.046286
v -0.018310 -0.125000 -0.046527
v -0.018310 0.125000 -0.046527
v -0.017707 -0.125000 -0.046760
v -0.017707 0.125000 -0.046760
v -0.017101 -0.125000 -0.046985
v -0.017101 0.125000 -0.046985
v -0.016492 -0.125000 -0.047202
v -0.016492 0.125000 -0.047202
v -0.015881 -0.125000 -0.047411
v -0.015881 0.125000 -0.047411
v -0.015266 -0.125000 -0.047612
v -0.015266 0.125000 -0.047612
v -0.014649 -0.125000 -0.047806
v -0.014649 0.125000 -0.047806
v -0.014030 -0.125000 -0.047991
v -0.014030 0.125000 -0.047991
v -0.013409 -0.125000 -0.048169
v -0.013409 0.125000 -0.048169
v -0.012785 -0.125000 -0.048338
v -0.012785 0.125000 -0.048338
v -0.012159 -0.125000 -0.048499
v -0.012159 0.125000 -0.048499
v -0.011531 -0.125000 -0.048652
v -0.011531 0.125000 -0.048652
v -0.010901 -0.125000 -0.048797
v -0.010901 0.125000 -0.048797
v -0.010269 -0.125000 -0.048934
v -0.010269 0.125000 -0.048934
v -0.009636 -0.125000 -0.049063
v -0.009636 0.125000 -0.049063
v -0.009001 -0.125000 -0.049183
v -0.009001 0.125000 -0.049183
v -0.008364 -0.125000 -0.049295
v -0.008364 0.125000 -0.049295
v -0.007726 -0.125000 -0.049399
v -0.007726 0.125000 -0.049399
v -0.007087 -0.125000 -0.049495
v -0.007087 0.125000 -0.049495
v -0.006446 -0.125000 -0.049583
v -0.006446 0.125000 -0.049583
v -0.005805 -0.125000 -0.049662
v -0.005805 0.125000 -0.049662
v -0.005162 -0.125000 -0.049733
v -0.005162 0.125000 -0.049733
v -0.004519 -0.125000 -0.049795
v -0.004519 0.125000 -0.049795
v -0.003875 -0.125000 -0.049850
v -0.003875 0.125000 -0.049850
v -0.003230 -0.125000 -0.049896
v -0.003230 0.125000 -0.049896
v -0.002585 -0.125000 -0.049933
v -0.002585 0.125000 -0.049933
v -0.001939 -0.125000 -0.049962
v -0.001939 0.125000 -0.049962
v -0.001293 -0.125000 -0.049983
v -0.001293 0.125000 -0.049983
v -0.000646 -0.125000 -0.049996
v -0.000646 0.125000 -0.049996
vn 0.0065 -0.0000 -1.0000
vn 0.0194 -0.0000 -0.9998
vn 0.0323 -0.0000 -0.9995
vn 0.0452 -0.0000 -0.9990
vn 0.0581 -0.0000 -0.9983
vn 0.0710 -0.0000 -0.9975
vn 0.0839 -0.0000 -0.9965
vn 0.0968 -0.0000 -0.9953
vn 0.1097 -0.0000 -0.9940
vn 0.1225 -0.0000 -0.9925
vn 0.1353 -0.0000 -0.9908
vn 0.1481 -0.0000 -0.9890
vn 0.1609 -0.0000 -0.9870
vn 0.1736 -0.0000 -0.9848
vn 0.1864 -0.0000 -0.9825
vn 0.1990 -0.0000 -0.9800
vn 0.2117 -0.0000 -0.9773
vn 0.2243 -0.0000 -0.9745
vn 0.2369 -0.0000 -0.9715
vn 0.2494 -0.0000 -0.9684
vn 0.2619 -0.0000 -0.9651
vn 0.2744 -0.0000 -0.9616
vn 0.2868 -0.0000 -0.9580
vn 0.2992 -0.0000 -0.9542
vn 0.3115 -0.0000 -0.9503
vn 0.3237 -0.0000 -0.9461
vn 0.3359 -0.0000 -0.9419
vn 0.3481 -0.0000 -0.9375
vn 0.3602 -0.0000 -0.9329
vn 0.3722 -0.0000 -0.9281
vn 0.3842 -0.0000 -0.9233
vn 0.3961 -0.0000 -0.9182
vn 0.4079 -0.0000 -0.9130
vn 0.4197 -0.0000 -0.9077
vn 0.4314 -0.0000 -0.9022
vn 0.4430 -0.0000 -0.8965
vn 0.4546 -0.0000 -0.8907
vn 0.4660 -0.0000 -0.8848
vn 0.4774 -0.0000 -0.8787
vn 0.4888 -0.0000 -0.8724
vn 0.5000 -0.0000 -0.8660
vn 0.5112 -0.0000 -0.8595
vn 0.5222 -0.0000 -0.8528
vn 0.5332 -0.0000 -0.8460
vn 0.5441 -0.0000 -0.8390
vn 0.5549 -0.0000 -0.8319
vn 0.5656 -0.0000 -0.8247
vn 0.5762 -0.0000 -0.8173
vn 0.5867 -0.0000 -0.8098
vn 0.5972 -0.0000 -0.8021
vn 0.6075 -0.0000 -0.7943
vn 0.6177 -0.0000 -0.7864
vn 0.6278 -0.0000 -0.7784
vn 0.6378 -0.0000 -0.7702
vn 0.6477 -0.0000 -0.7619
vn 0.6575 -0.0000 -0.7534
vn 0.6672 -0.0000 -0.7449
vn 0.6768 -0.0000 -0.7362
vn 0.6862 -0.0000 -0.7274
vn 0.6956 -0.0000 -0.7184
vn 0.7048 -0.0000 -0.7094
vn 0.7139 -0.0000 -0.7002
vn 0.7229 -0.0000 -0.6909
vn 0.7318 -0.0000 -0.6815
vn 0.7405 -0.0000 -0.6720
vn 0.7492 -0.0000 -0.6624
vn 0.7577 -0.0000 -0.6526
vn 0.7660 -0.0000 -0.6428
vn 0.7743 -0.0000 -0.6328
vn 0.7824 -0.0000 -0.6228
vn 0.7904 -0.0000 -0.6126
vn 0.7982 -0.0000 -0.6023
vn 0.8060 -0.0000 -0.5920
vn 0.8136 -0.0000 -0.5815
vn 0.8210 -0.0000 -0.5709
vn 0.8283 -0.0000 -0.5603
vn 0.8355 -0.0000 -0.5495
vn 0.8425 -0.0000 -0.5387
vn 0.8494 -0.0000 -0.5277
vn 0.8562 -0.0000 -0.5167
vn 0.8628 -0.0000 -0.5056
vn 0.8692 -0.0000 -0.4944
vn 0.8756 -0.0000 -0.4831
vn 0.8817 -0.0000 -0.4718
vn 0.8878 -0.0000 -0.4603
vn 0.8936 -0.0000 -0.4488
vn 0.8994 -0.0000 -0.4372
vn 0.9049 -0.0000 -0.4255
vn 0.9104 -0.0000 -0.4138
vn 0.9156 -0.0000 -0.4020
vn 0.9208 -0.0000 -0.3901
vn 0.9257 -0.0000 -0.3782
vn 0.9305 -0.0000 -0.3662
vn 0.9352 -0.0000 -0.3541
vn 0.9397 -0.0000 -0.3420
vn 0.9440 -0.0000 -0.3298
vn 0.9482 -0.0000 -0.3176
vn 0.9522 -0.0000 -0.3053
vn 0.9561 -0.0000 -0.2930
vn 0.9598 -0.0000 -0.2806
vn 0.9634 -0.0000 -0.2682
vn 0.9668 -0.0000 -0.2557
vn 0.9700 -0.0000 -0.2432
vn 0.9730 -0.0000 -0.2306
vn 0.9759 -0.0000 -0.2180
vn 0.9787 -0.0000 -0.2054
vn 0.9813 -0.0000 -0.1927
vn 0.9837 -0.0000 -0.1800
vn 0.9859 -0.0000 -0.1673
vn 0.9880 -0.0000 -0.1545
vn 0.9899 -0.0000 -0.1417
vn 0.9917 -0.0000 -0.1289
vn 0.9932 -0.0000 -0.1161
vn 0.9947 -0.0000 -0.1032
vn 0.9959 -0.0000 -0.0904
vn 0.9970 -0.0000 -0.0775
vn 0.9979 -0.0000 -0.0646
vn 0.9987 -0.0000 -0.0517
vn 0.9992 -0.0000 -0.0388
vn 0.9997 -0.0000 -0.0259
vn 0.9999 -0.0000 -0.0129
vn 1.0000 -0.0000 -0.0000
vn 0.9999 -0.0000 0.0129
vn 0.9997 -0.0000 0.0259
vn 0.9992 -0.0000 0.0388
vn 0.9987 -0.0000 0.0517
vn 0.9979 -0.0000 0.0646
vn 0.9970 -0.0000 0.0775
vn 0.9959 -0.0000 0.0904
vn 0.9947 -0.0000 0.1032
vn 0.9932 -0.0000 0.1161
vn 0.9917 -0.0000 0.1289
vn 0.9899 -0.0000 0.1417
vn 0.9880 -0.0000 0.1545
vn 0.9859 -0.0000 0.1673
vn 0.9837 -0.0000 0.1800
vn 0.9813 -0.0000 0.1927
vn 0.9787 -0.0000 0.2054
vn 0.9759 -0.0000 0.2180
vn 0.9730 -0.0000 0.2306
vn 0.9700 -0.0000 0.2432
vn 0.9668 -0.0000 0.2557
vn 0.9634 -0.0000 0.2682
vn 0.9598 -0.0000 0.2806
vn 0.9561 -0.0000 0.2930
vn 0.9522 -0.0000 0.3053
vn 0.9482 -0.0000 0.3176
vn 0.9440 -0.0000 0.3298
vn 0.9397 -0.0000 0.3420
vn 0.9352 -0.0000 0.3541
vn 0.9305 -0.0000 0.3662
vn 0.9257 -0.0000 0.3782
vn 0.9208 -0.0000 0.3901
vn 0.9156 -0.0000 0.4020
vn 0.9104 -0.0000 0.4138
vn 0.9049 -0.0000 0.4255
vn 0.8994 -0.0000 0.4372
vn 0.8936 -0.0000 0.4488
vn 0.8878 -0.0000 0.4603
vn 0.8817 -0.0000 0.4718
vn 0.8756 -0.0000 0.4831
vn 0.8692 -0.0000 0.4944
vn 0.8628 -0.0000 0.5056
vn 0.8562 -0.0000 0.5167
vn 0.8494 -0.0000 0.5277
vn 0.8425 -0.0000 0.5387
vn 0.8355 -0.0000 0.5495
vn 0.8283 -0.0000 0.5603
vn 0.8210 -0.0000 0.5709
vn 0.8136 -0.0000 0.5815
vn 0.8060 -0.0000 0.5920
vn 0.7982 -0.0000 0.6023
vn 0.7904 -0.0000 0.6126
vn 0.7824 -0.0000 0.6228
vn 0.7743 -0.0000 0.6328
vn 0.7660 -0.0000 0.6428
vn 0.7577 -0.0000 0.6526
vn 0.7492 -0.0000 0.6624
vn 0.7405 -0.0000 0.6720
vn 0.7318 -0.0000 0.6815
vn 0.7229 -0.0000 0.6909
vn 0.7139 -0.0000 0.7002
vn 0.7048 -0.0000 0.7094
vn 0.6956 -0.0000 0.7184
vn 0.6862 -0.0000 0.7274
vn 0.6768 -0.0000 0.7362
vn 0.6672 -0.0000 0.7449
vn 0.6575 -0.0000 0.7534
vn 0.6477 -0.0000 0.7619
vn 0.6378 -0.0000 0.7702
vn 0.6278 -0.0000 0.7784
vn 0.6177 -0.0000 0.7864
vn 0.6075 -0.0000 0.7943
vn 0.5972 -0.0000 0.8021
vn 0.5867 -0.0000 0.8098
vn 0.5762 -0.0000 0.8173
vn 0.5656 -0.0000 0.8247
vn 0.5549 -0.0000 0.8319
vn 0.5441 -0.0000 0.8390
vn 0.5332 -0.0000 0.8460
vn 0.5222 -0.0000 0.8528
vn 0.5112 -0.0000 0.8595
vn 0.5000 -0.0000 0.8660
vn 0.4888 -0.0000 0.8724
vn 0.4774 -0.0000 0.8787
vn 0.4660 -0.0000 0.8848
vn 0.4546 -0.0000 0.8907
vn 0.4430 -0.0000 0.8965
vn 0.4314 -0.0000 0.9022
vn 0.4197 -0.0000 0.9077
vn 0.4079 -0.0000 0.9130
vn 0.3961 -0.0000 0.9182
vn 0.3842 -0.0000 0.9233
vn 0.3722 -0.0000 0.9281
vn 0.3602 -0.0000 0.9329
vn 0.3481 -0.0000 0.9375
vn 0.3359 -0.0000 0.9419
vn 0.3237 -0.0000 0.9461
vn 0.3115 -0.0000 0.9503
vn 0.2992 -0.0000 0.9542
vn 0.2868 -0.0000 0.9580
vn 0.2744 -0.0000 0.9616
vn 0.2619 -0.0000 0.9651
vn 0.2494 -0.0000 0.9684
vn 0.2369 -0.0000 0.9715
vn 0.2243 -0.0000 0.9745
vn 0.2117 -0.0000 0.9773
vn 0.1990 -0.0000 0.9800
vn 0.1864 -0.0000 0.9825
vn 0.1736 -0.0000 0.9848
vn 0.1609 -0.0000 0.9870
vn 0.1481 -0.0000 0.9890
vn 0.1353 -0.0000 0.9908
vn 0.1225 -0.0000 0.9925
vn 0.1097 -0.0000 0.9940
vn 0.0968 -0.0000 0.9953
vn 0.0839 -0.0000 0.9965
vn 0.0710 -0.0000 0.9975
vn 0.0581 -0.0000 0.9983
vn 0.0452 -0.0000 0.9990
vn 0.0323 -0.0000 0.9995
vn 0.0194 -0.0000 0.9998
vn 0.0065 -0.0000 1.0000
vn -0.0065 -0.0000 1.0000
vn -0.0194 -0.0000 0.9998
vn -0.0323 -0.0000 0.9995
vn -0.0452 -0.0000 0.9990
vn -0.0581 -0.0000 0.9983
vn -0.0710 -0.0000 0.9975
vn -0.0839 -0.0000 0.9965
vn -0.0968 -0.0000 0.9953
vn -0.1097 -0.0000 0.9940
vn -0.1225 -0.0000 0.9925
vn -0.1353 -0.0000 0.9908
vn -0.1481 -0.0000 0.9890
vn -0.1609 -0.0000 0.9870
vn -0.1736 -0.0000 0.9848
vn -0.1864 -0.0000 0.9825
vn -0.1990 -0.0000 0.9800
vn -0.2117 -0.0000 0.9773
vn -0.2243 -0.0000 0.9745
vn -0.2369 -0.0000 0.9715
vn -0.2494 -0.0000 0.9684
vn -0.2619 -0.0000 0.9651
vn -0.2744 -0.0000 0.9616
vn -0.2868 -0.0000 0.9580
vn -0.2992 -0.0000 0.9542
vn -0.3115 -0.0000 0.9503
vn -0.3237 -0.0000 0.9461
vn -0.3359 -0.0000 0.9419
vn -0.3481 -0.0000 0.9375
vn -0.3602 -0.0000 0.9329
vn -0.3722 -0.0000 0.9281
vn -0.3842 -0.0000 0.9233
vn -0.3961 -0.0000 0.9182
vn -0.4079 -0.0000 0.9130
vn -0.4197 -0.0000 0.9077
vn -0.4314 -0.0000 0.9022
vn -0.4430 -0.0000 0.8965
vn -0.4546 -0.0000 0.8907
vn -0.4660 -0.0000 0.8848
vn -0.4774 -0.0000 0.8787
vn -0.4888 -0.0000 0.8724
vn -0.5000 -0.0000 0.8660
vn -0.5112 -0.0000 0.8595
vn -0.5222 -0.0000 0.8528
vn -0.5332 -0.0000 0.8460
vn -0.5441 -0.0000 0.8390
vn -0.5549 -0.0000 0.8319
vn -0.5656 -0.0000 0.8247
vn -0.5762 -0.0000 0.8173
vn -0.5867 -0.0000 0.8098
vn -0.5972 -0.0000 0.8021
vn -0.6075 -0.0000 0.7943
vn -0.6177 -0.0000 0.7864
vn -0.6278 -0.0000 0.7784
vn -0.6378 -0.0000 0.7702
vn -0.6477 -0.0000 0.7619
vn -0.6575 -0.0000 0.7534
vn -0.6672 -0.0000 0.7449
vn -0.6768 -0.0000 0.7362
vn -0.6862 -0.0000 0.7274
vn -0.6956 -0.0000 0.7184
vn -0.7048 -0.0000 0.7094
vn -0.7139 -0.0000 0.7002
vn -0.7229 -0.0000 0.6909
vn -0.7318 -0.0000 0.6815
vn -0.7405 -0.0000 0.6720
vn -0.7492 -0.0000 0.6624
vn -0.7577 -0.0000 0.6526
vn -0.7660 -0.0000 0.6428
vn -0.7743 -0.0000 0.6328
vn -0.7824 -0.0000 0.6228
vn -0.7904 -0.0000 0.6126
vn -0.7982 -0.0000 0.6023
vn -0.8060 -0.0000 0.5920
vn -0.8136 -0.0000 0.5815
vn -0.8210 -0.0000 0.5709
vn -0.8283 -0.0000 0.5603
vn -0.8355 -0.0000 0.5495
vn -0.8425 -0.0000 0.5387
vn -0.8494 -0.0000 0.5277
vn -0.8562 -0.0000 0.5167
vn -0.8628 -0.0000 0.5056
vn -0.8692 -0.0000 0.4944
vn -0.8756 -0.0000 0.4831
vn -0.8817 -0.0000 0.4718
vn -0.8878 -0.0000 0.4603
vn -0.8936 -0.0000 0.4488
vn -0.8994 -0.0000 0.4372
vn -0.9049 -0.0000 0.4255
vn -0.9104 -0.0000 0.4138
vn -0.9156 -0.0000 0.4020
vn -0.9208 -0.0000 0.3901
vn -0.9257 -0.0000 0.3782
vn -0.9305 -0.0000 0.3662
vn -0.9352 -0.0000 0.3541
vn -0.9397 -0.0000 0.3420
vn -0.9440 -0.0000 0.3298
vn -0.9482 -0.0000 0.3176
vn -0.9522 -0.0000 0.3053
vn -0.9561 -0.0000 0.2930
vn -0.9598 -0.0000 0.2806
vn -0.9634 -0.0000 0.2682
vn -0.9668 -0.0000 0.2557
vn -0.9700 -0.0000 0.2432
vn -0.9730 -0.0000 0.2306
vn -0.9759 -0.0000 0.2180
vn -0.9787 -0.0000 0.2054
vn -0.9813 -0.0000 0.1927
vn -0.9837 -0.0000 0.1800
vn -0.9859 -0.0000 0.1673
vn -0.9880 -0.0000 0.1545
vn -0.9899 -0.0000 0.1417
vn -0.9917 -0.0000 0.1289
vn -0.9932 -0.0000 0.1161
vn -0.9947 -0.0000 0.1032
vn -0.9959 -0.0000 0.0904
vn -0.9970 -0.0000 0.0775
vn -0.9979 -0.0000 0.0646
vn -0.9987 -0.0000 0.0517
vn -0.9992 -0.0000 0.0388
vn -0.9997 -0.0000 0.0259
vn -0.9999 -0.0000 0.0129
vn -1.0000 -0.0000 -0.0000
vn -0.9999 -0.0000 -0.0129
vn -0.9997 -0.0000 -0.0259
vn -0.9992 -0.0000 -0.0388
vn -0.9987 -0.0000 -0.0517
vn -0.9979 -0.0000 -0.0646
vn -0.9970 -0.0000 -0.0775
vn -0.9959 -0.0000 -0.0904
vn -0.9947 -0.0000 -0.1032
vn -0.9932 -0.0000 -0.1161
vn -0.9917 -0.0000 -0.1289
vn -0.9899 -0.0000 -0.1417
vn -0.9880 -0.0000 -0.1545
vn -0.9859 -0.0000 -0.1673
vn -0.9837 -0.0000 -0.1800
vn -0.9813 -0.0000 -0.1927
vn -0.9787 -0.0000 -0.2054
vn -0.9759 -0.0000 -0.2180
vn -0.9730 -0.0000 -0.2306
vn -0.9700 -0.0000 -0.2432
vn -0.9668 -0.0000 -0.2557
vn -0.9634 -0.0000 -0.2682
vn -0.9598 -0.0000 -0.2806
vn -0.9561 -0.0000 -0.2930
vn -0.9522 -0.0000 -0.3053
vn -0.9482 -0.0000 -0.3176
vn -0.9440 -0.0000 -0.3298
vn -0.9397 -0.0000 -0.3420
vn -0.9352 -0.0000 -0.3541
vn -0.9305 -0.0000 -0.3662
vn -0.9257 -0.0000 -0.3782
vn -0.9208 -0.0000 -0.3901
vn -0.9156 -0.0000 -0.4020
vn -0.9104 -0.0000 -0.4138
vn -0.9049 -0.0000 -0.4255
vn -0.8994 -0.0000 -0.4372
vn -0.8936 -0.0000 -0.4488
vn -0.8878 -0.0000 -0.4603
vn -0.8817 -0.0000 -0.4718
vn -0.8756 -0.0000 -0.4831
vn -0.8692 -0.0000 -0.4944
vn -0.8628 -0.0000 -0.5056
vn -0.8562 -0.0000 -0.5167
vn -0.8494 -0.0000 -0.5277
vn -0.8425 -0.0000 -0.5387
vn -0.8355 -0.0000 -0.5495
vn -0.8283 -0.0000 -0.5603
vn -0.8210 -0.0000 -0.5709
vn -0.8136 -0.0000 -0.5815
vn -0.8060 -0.0000 -0.5920
vn -0.7982 -0.0000 -0.6023
vn -0.7904 -0.0000 -0.6126
vn -0.7824 -0.0000 -0.6228
vn -0.7743 -0.0000 -0.6328
vn -0.7660 -0.0000 -0.6428
vn -0.7577 -0.0000 -0.6526
vn -0.7492 -0.0000 -0.6624
vn -0.7405 -0.0000 -0.6720
vn -0.7318 -0.0000 -0.6815
vn -0.7229 -0.0000 -0.6909
vn -0.7139 -0.0000 -0.7002
vn -0.7048 -0.0000 -0.7094
vn -0.6956 -0.0000 -0.7184
vn -0.6862 -0.0000 -0.7274
vn -0.6768 -0.0000 -0.7362
vn -0.6672 -0.0000 -0.7449
vn -0.6575 -0.0000 -0.7534
vn -0.6477 -0.0000 -0.7619
vn -0.6378 -0.0000 -0.7702
vn -0.6278 -0.0000 -0.7784
vn -0.6177 -0.0000 -0.7864
vn -0.6075 -0.0000 -0.7943
vn -0.5972 -0.0000 -0.8021
vn -0.5867 -0.0000 -0.8098
vn -0.5762 -0.0000 -0.8173
vn -0.5656 -0.0000 -0.8247
vn -0.5549 -0.0000 -0.8319
vn -0.5441 -0.0000 -0.8390
vn -0.5332 -0.0000 -0.8460
vn -0.5222 -0.0000 -0.8528
vn -0.5112 -0.0000 -0.8595
vn -0.5000 -0.0000 -0.8660
vn -0.4888 -0.0000 -0.8724
vn -0.4774 -0.0000 -0.8787
vn -0.4660 -0.0000 -0.8848
vn -0.4546 -0.0000 -0.8907
vn -0.4430 -0.0000 -0.8965
vn -0.4314 -0.0000 -0.9022
vn -0.4197 -0.0000 -0.9077
vn -0.4079 -0.0000 -0.9130
vn -0.3961 -0.0000 -0.9182
vn -0.3842 -0.0000 -0.9233
vn -0.3722 -0.0000 -0.9281
vn -0.3602 -0.0000 -0.9329
vn -0.3481 -0.0000 -0.9375
vn -0.3359 -0.0000 -0.9419
vn -0.3237 -0.0000 -0.9461
vn -0.3115 -0.0000 -0.9503
vn -0.2992 -0.0000 -0.9542
vn -0.2868 -0.0000 -0.9580
vn -0.2744 -0.0000 -0.9616
vn -0.2619 -0.0000 -0.9651
vn -0.2494 -0.0000 -0.9684
vn -0.2369 -0.0000 -0.9715
vn -0.2243 -0.0000 -0.9745
vn -0.2117 -0.0000 -0.9773
vn -0.1990 -0.0000 -0.9800
vn -0.1864 -0.0000 -0.9825
vn -0.1736 -0.0000 -0.9848
vn -0.1609 -0.0000 -0.9870
vn -0.1481 -0.0000 -0.9890
vn -0.1353 -0.0000 -0.9908
vn -0.1225 -0.0000 -0.9925
vn -0.1097 -0.0000 -0.9940
vn -0.0968 -0.0000 -0.9953
vn -0.0839 -0.0000 -0.9965
vn -0.0710 -0.0000 -0.9975
vn -0.0581 -0.0000 -0.9983
vn -0.0452 -0.0000 -0.9990
vn -0.0323 -0.0000 -0.9995
vn -0.0000 1.0000 -0.0000
vn -0.0194 -0.0000 -0.9998
vn -0.0065 -0.0000 -1.0000
vn -0.0000 -1.0000 -0.0000
vt 1.000000 0.500000
vt 1.000000 1.000000
vt 0.997942 1.000000
vt 0.997942 0.500000
vt 0.995885 1.000000
vt 0.995885 0.500000
vt 0.993827 1.000000
vt 0.993827 0.500000
vt 0.991770 1.000000
vt 0.991770 0.500000
vt 0.989712 1.000000
vt 0.989712 0.500000
vt 0.987654 1.000000
vt 0.987654 0.500000
vt 0.985597 1.000000
vt 0.985597 0.500000
vt 0.983539 1.000000
vt 0.983539 0.500000
vt 0.981481 1.000000
vt 0.981481 0.500000
vt 0.979424 1.000000
vt 0.979424 0.500000
vt 0.977366 1.000000
vt 0.977366 0.500000
vt 0.975309 1.000000
vt 0.975309 0.500000
vt 0.973251 1.000000
vt 0.973251 0.500000
vt 0.971193 1.000000
vt 0.971193 0.500000
vt 0.969136 1.000000
vt 0.969136 0.500000
vt 0.967078 1.000000
vt 0.967078 0.500000
vt 0.965021 1.000000
vt 0.965021 0.500000
vt 0.962963 1.000000
vt 0.962963 0.500000
vt 0.960905 1.000000
vt 0.960905 0.500000
vt 0.958848 1.000000
vt 0.958848 0.500000
vt 0.956790 1.000000
vt 0.956790 0.500000
vt 0.954733 1.000000
vt 0.954733 0.500000
vt 0.952675 1.000000
vt 0.952675 0.500000
vt 0.950617 1.000000
vt 0.950617 0.500000
vt 0.948560 1.000000
vt 0.948560 0.500000
vt 0.946502 1.000000
vt 0.946502 0.500000
vt 0.944444 1.000000
vt 0.944444 0.500000
vt 0.942387 1.000000
vt 0.942387 0.500000
vt 0.940329 1.000000
vt 0.940329 0.500000
vt 0.938272 1.000000
vt 0.938272 0.500000
vt 0.936214 1.000000
vt 0.936214 0.500000
vt 0.934156 1.000000
vt 0.934156 0.500000
vt 0.932099 1.000000
vt 0.932099 0.500000
vt 0.930041 1.000000
vt 0.930041 0.500000
vt 0.927984 1.000000
vt 0.927984 0.500000
vt 0.925926 1.000000
vt 0.925926 0.500000
vt 0.923868 1.000000
vt 0.923868 0.500000
vt 0.921811 1.000000
vt 0.921811 0.500000
vt 0.919753 1.000000
vt 0.919753 0.500000
vt 0.917696 1.000000
vt 0.917696 0.500000
vt 0.915638 1.000000
vt 0.915638 0.500000
vt 0.913580 1.000000
vt 0.913580 0.500000
vt 0.911523 1.000000
vt 0.911523 0.500000
vt 0.909465 1.000000
vt 0.909465 0.500000
vt 0.907407 1.000000
vt 0.907407 0.500000
vt 0.905350 1.000000
vt 0.905350 0.500000
vt 0.903292 1.000000
vt 0.903292 0.500000
vt 0.901235 1.000000
vt 0.901235 0.500000
vt 0.899177 1.000000
vt 0.899177 0.500000
vt 0.897119 1.000000
vt 0.897119 0.500000
vt 0.895062 1.000000
vt 0.895062 0.500000
vt 0.893004 1.000000
vt 0.893004 0.500000
vt 0.890947 1.000000
vt 0.890947 0.500000
vt 0.888889 1.000000
vt 0.888889 0.500000
vt 0.886831 1.000000
vt 0.886831 0.500000
vt 0.884774 1.000000
vt 0.884774 0.500000
vt 0.882716 1.000000
vt 0.882716 0.500000
vt 0.880659 1.000000
vt 0.880659 0.500000
vt 0.878601 1.000000
vt 0.878601 0.500000
vt 0.876543 1.000000
vt 0.876543 0.500000
vt 0.874486 1.000000
vt 0.874486 0.500000
vt 0.872428 1.000000
vt 0.872428 0.500000
vt 0.870370 1.000000
vt 0.870370 0.500000
vt 0.868313 1.000000
vt 0.868313 0.500000
vt 0.866255 1.000000
vt 0.866255 0.500000
vt 0.864198 1.000000
vt 0.864198 0.500000
vt 0.862140 1.000000
vt 0.862140 0.500000
vt 0.860082 1.000000
vt 0.860082 0.500000
vt 0.858025 1.000000
vt 0.858025 0.500000
vt 0.855967 1.000000
vt 0.855967 0.500000
vt 0.853910 1.000000
vt 0.853910 0.500000
vt 0.851852 1.000000
vt 0.851852 0.500000
vt 0.849794 1.000000
vt 0.849794 0.500000
vt 0.847737 1.000000
vt 0.847737 0.500000
vt 0.845679 1.000000
vt 0.845679 0.500000
vt 0.843621 1.000000
vt 0.843621 0.500000
vt 0.841564 1.000000
vt 0.841564 0.500000
vt 0.839506 1.000000
vt 0.839506 0.500000
vt 0.837449 1.000000
vt 0.837449 0.500000
vt 0.835391 1.000000
vt 0.835391 0.500000
vt 0.833333 1.000000
vt 0.833333 0.500000
vt 0.831276 1.000000
vt 0.831276 0.500000
vt 0.829218 1.000000
vt 0.829218 0.500000
vt 0.827161 1.000000
vt 0.827161 0.500000
vt 0.825103 1.000000
vt 0.825103 0.500000
vt 0.823045 1.000000
vt 0.823045 0.500000
vt 0.820988 1.000000
vt 0.820988 0.500000
vt 0.818930 1.000000
vt 0.818930 0.500000
vt 0.816873 1.000000
vt 0.816873 0.500000
vt 0.814815 1.000000
vt 0.814815 0.500000
vt 0.812757 1.000000
vt 0.812757 0.500000
vt 0.810700 1.000000
vt 0.810700 0.500000
vt 0.808642 1.000000
vt 0.808642 0.500000
vt 0.806584 1.000000
vt 0.806584 0.500000
vt 0.804527 1.000000
vt 0.804527 0.500000
vt 0.802469 1.000000
vt 0.802469 0.500000
vt 0.800412 1.000000
vt 0.800412 0.500000
vt 0.798354 1.000000
vt 0.798354 0.500000
vt 0.796296 1.000000
vt 0.796296 0.500000
vt 0.794239 1.000000
vt 0.794239 0.500000
vt 0.792181 1.000000
vt 0.792181 0.500000
vt 0.790124 1.000000
vt 0.790124 0.500000
vt 0.788066 1.000000
vt 0.788066 0.500000
vt 0.786008 1.000000
vt 0.786008 0.500000
vt 0.783951 1.000000
vt 0.783951 0.500000
vt 0.781893 1.000000
vt 0.781893 0.500000
vt 0.779836 1.000000
vt 0.779836 0.500000
vt 0.777778 1.000000
vt 0.777778 0.500000
vt 0.775720 1.000000
vt 0.775720 0.500000
vt 0.773663 1.000000
vt 0.773663 0.500000
vt 0.771605 1.000000
vt 0.771605 0.500000
vt 0.769547 1.000000
vt 0.769547 0.500000
vt 0.767490 1.000000
vt 0.767490 0.500000
vt 0.765432 1.000000
vt 0.765432 0.500000
vt 0.763375 1.000000
vt 0.763375 0.500000
vt 0.761317 1.000000
vt 0.761317 0.500000
vt 0.759259 1.000000
vt 0.759259 0.500000
vt 0.757202 1.000000
vt 0.757202 0.500000
vt 0.755144 1.000000
vt 0.755144 0.500000
vt 0.753087 1.000000
vt 0.753087 0.500000
vt 0.751029 1.000000
vt 0.751029 0.500000
vt 0.748971 1.000000
vt 0.748971 0.500000
vt 0.746914 1.000000
vt 0.746914 0.500000
vt 0.744856 1.000000
vt 0.744856 0.500000
vt 0.742799 1.000000
vt 0.742799 0.500000
vt 0.740741 1.000000
vt 0.740741 0.500000
vt 0.738683 1.000000
vt 0.738683 0.500000
vt 0.736626 1.000000
vt 0.736626 0.500000
vt 0.734568 1.000000
vt 0.734568 0.500000
vt 0.732510 1.000000
vt 0.732510 0.500000
vt 0.730453 1.000000
vt 0.730453 0.500000
vt 0.728395 1.000000
vt 0.728395 0.500000
vt 0.726338 1.000000
vt 0.726338 0.500000
vt 0.724280 1.000000
vt 0.724280 0.500000
vt 0.722222 1.000000
vt 0.722222 0.500000
vt 0.720165 1.000000
vt 0.720165 0.500000
vt 0.718107 1.000000
vt 0.718107 0.500000
vt 0.716050 1.000000
vt 0.716050 0.500000
vt 0.713992 1.000000
vt 0.713992 0.500000
vt 0.711934 1.000000
vt 0.711934 0.500000
vt 0.709877 1.000000
vt 0.709877 0.500000
vt 0.707819 1.000000
vt 0.707819 0.500000
vt 0.705761 1.000000
vt 0.705761 0.500000
vt 0.703704 1.000000
vt 0.703704 0.500000
vt 0.701646 1.000000
vt 0.701646 0.500000
vt 0.699589 1.000000
vt 0.699589 0.500000
vt 0.697531 1.000000
vt 0.697531 0.500000
vt 0.695473 1.000000
vt 0.695473 0.500000
vt 0.693416 1.000000
vt 0.693416 0.500000
vt 0.691358 1.000000
vt 0.691358 0.500000
vt 0.689301 1.000000
vt 0.689301 0.500000
vt 0.687243 1.000000
vt 0.687243 0.500000
vt 0.685185 1.000000
vt 0.685185 0.500000
vt 0.683128 1.000000
vt 0.683128 0.500000
vt 0.681070 1.000000
vt 0.681070 0.500000
vt 0.679013 1.000000
vt 0.679013 0.500000
vt 0.676955 1.000000
vt 0.676955 0.500000
vt 0.674897 1.000000
vt 0.674897 0.500000
vt 0.672840 1.000000
vt 0.672840 0.500000
vt 0.670782 1.000000
vt 0.670782 0.500000
vt 0.668724 1.000000
vt 0.668724 0.500000
vt 0.666667 1.000000
vt 0.666667 0.500000
vt 0.664609 1.000000
vt 0.664609 0.500000
vt 0.662552 1.000000
vt 0.662552 0.500000
vt 0.660494 1.000000
vt 0.660494 0.500000
vt 0.658436 1.000000
vt 0.658436 0.500000
vt 0.656379 1.000000
vt 0.656379 0.500000
vt 0.654321 1.000000
vt 0.654321 0.500000
vt 0.652264 1.000000
vt 0.652264 0.500000
vt 0.650206 1.000000
vt 0.650206 0.500000
vt 0.648148 1.000000
vt 0.648148 0.500000
vt 0.646091 1.000000
vt 0.646091 0.500000
vt 0.644033 1.000000
vt 0.644033 0.500000
vt 0.641976 1.000000
vt 0.641976 0.500000
vt 0.639918 1.000000
vt 0.639918 0.500000
vt 0.637860 1.000000
vt 0.637860 0.500000
vt 0.635803 1.000000
vt 0.635803 0.500000
vt 0.633745 1.000000
vt 0.633745 0.500000
vt 0.631687 1.000000
vt 0.631687 0.500000
vt 0.629630 1.000000
vt 0.629630 0.500000
vt 0.627572 1.000000
vt 0.627572 0.500000
vt 0.625515 1.000000
vt 0.625515 0.500000
vt 0.623457 1.000000
vt 0.623457 0.500000
vt 0.621399 1.000000
vt 0.621399 0.500000
vt 0.619342 1.000000
vt 0.619342 0.500000
vt 0.617284 1.000000
vt 0.617284 0.500000
vt 0.615227 1.000000
vt 0.615227 0.500000
vt 0.613169 1.000000
vt 0.613169 0.500000
vt 0.611111 1.000000
vt 0.611111 0.500000
vt 0.609054 1.000000
vt 0.609054 0.500000
vt 0.606996 1.000000
vt 0.606996 0.500000
vt 0.604939 1.000000
vt 0.604939 0.500000
vt 0.602881 1.000000
vt 0.602881 0.500000
vt 0.600823 1.000000
vt 0.600823 0.500000
vt 0.598766 1.000000
vt 0.598766 0.500000
vt 0.596708 1.000000
vt 0.596708 0.500000
vt 0.594650 1.000000
vt 0.594650 0.500000
vt 0.592593 1.000000
vt 0.592593 0.500000
vt 0.590535 1.000000
vt 0.590535 0.500000
vt 0.588478 1.000000
vt 0.588478 0.500000
vt 0.586420 1.000000
vt 0.586420 0.500000
vt 0.584362 1.000000
vt 0.584362 0.500000
vt 0.582305 1.000000
vt 0.582305 0.500000
vt 0.580247 1.000000
vt 0.580247 0.500000
vt 0.578190 1.000000
vt 0.578190 0.500000
vt 0.576132 1.000000
vt 0.576132 0.500000
vt 0.574074 1.000000
vt 0.574074 0.500000
vt 0.572017 1.000000
vt 0.572017 0.500000
vt 0.569959 1.000000
vt 0.569959 0.500000
vt 0.567901 1.000000
vt 0.567901 0.500000
vt 0.565844 1.000000
vt 0.565844 0.500000
vt 0.563786 1.000000
vt 0.563786 0.500000
vt 0.561729 1.000000
vt 0.561729 0.500000
vt 0.559671 1.000000
vt 0.559671 0.500000
vt 0.557613 1.000000
vt 0.557613 0.500000
vt 0.555556 1.000000
vt 0.555556 0.500000
vt 0.553498 1.000000
vt 0.553498 0.500000
vt 0.551441 1.000000
vt 0.551441 0.500000
vt 0.549383 1.000000
vt 0.549383 0.500000
vt 0.547325 1.000000
vt 0.547325 0.500000
vt 0.545268 1.000000
vt 0.545268 0.500000
vt 0.543210 1.000000
vt 0.543210 0.500000
vt 0.541153 1.000000
vt 0.541153 0.500000
vt 0.539095 1.000000
vt 0.539095 0.500000
vt 0.537037 1.000000
vt 0.537037 0.500000
vt 0.534980 1.000000
vt 0.534980 0.500000
vt 0.532922 1.000000
vt 0.532922 0.500000
vt 0.530864 1.000000
vt 0.530864 0.500000
vt 0.528807 1.000000
vt 0.528807 0.500000
vt 0.526749 1.000000
vt 0.526749 0.500000
vt 0.524692 1.000000
vt 0.524692 0.500000
vt 0.522634 1.000000
vt 0.522634 0.500000
vt 0.520576 1.000000
vt 0.520576 0.500000
vt 0.518519 1.000000
vt 0.518519 0.500000
vt 0.516461 1.000000
vt 0.516461 0.500000
vt 0.514404 1.000000
vt 0.514404 0.500000
vt 0.512346 1.000000
vt 0.512346 0.500000
vt 0.510288 1.000000
vt 0.510288 0.500000
vt 0.508231 1.000000
vt 0.508231 0.500000
vt 0.506173 1.000000
vt 0.506173 0.500000
vt 0.504116 1.000000
vt 0.504116 0.500000
vt 0.502058 1.000000
vt 0.502058 0.500000
vt 0.500000 1.000000
vt 0.500000 0.500000
vt 0.497943 1.000000
vt 0.497943 0.500000
vt 0.495885 1.000000
vt 0.495885 0.500000
vt 0.493827 1.000000
vt 0.493827 0.500000
vt 0.491770 1.000000
vt 0.491770 0.500000
vt 0.489712 1.000000
vt 0.489712 0.500000
vt 0.487655 1.000000
vt 0.487655 0.500000
vt 0.485597 1.000000
vt 0.485597 0.500000
vt 0.483539 1.000000
vt 0.483539 0.500000
vt 0.481482 1.000000
vt 0.481482 0.500000
vt 0.479424 1.000000
vt 0.479424 0.500000
vt 0.477367 1.000000
vt 0.477367 0.500000
vt 0.475309 1.000000
vt 0.475309 0.500000
vt 0.473251 1.000000
vt 0.473251 0.500000
vt 0.471194 1.000000
vt 0.471194 0.500000
vt 0.469136 1.000000
vt 0.469136 0.500000
vt 0.467079 1.000000
vt 0.467079 0.500000
vt 0.465021 1.000000
vt 0.465021 0.500000
vt 0.462963 1.000000
vt 0.462963 0.500000
vt 0.460906 1.000000
vt 0.460906 0.500000
vt 0.458848 1.000000
vt 0.458848 0.500000
vt 0.456790 1.000000
vt 0.456790 0.500000
vt 0.454733 1.000000
vt 0.454733 0.500000
vt 0.452675 1.000000
vt 0.452675 0.500000
vt 0.450618 1.000000
vt 0.450618 0.500000
vt 0.448560 1.000000
vt 0.448560 0.500000
vt 0.446502 1.000000
vt 0.446502 0.500000
vt 0.444445 1.000000
vt 0.444445 0.500000
vt 0.442387 1.000000
vt 0.442387 0.500000
vt 0.440330 1.000000
vt 0.440330 0.500000
vt 0.438272 1.000000
vt 0.438272 0.500000
vt 0.436214 1.000000
vt 0.436214 0.500000
vt 0.434157 1.000000
vt 0.434157 0.500000
vt 0.432099 1.000000
vt 0.432099 0.500000
vt 0.430041 1.000000
vt 0.430041 0.500000
vt 0.427984 1.000000
vt 0.427984 0.500000
vt 0.425926 1.000000
vt 0.425926 0.500000
vt 0.423869 1.000000
vt 0.423869 0.500000
vt 0.421811 1.000000
vt 0.421811 0.500000
vt 0.419753 1.000000
vt 0.419753 0.500000
vt 0.417696 1.000000
vt 0.417696 0.500000
vt 0.415638 1.000000
vt 0.415638 0.500000
vt 0.413581 1.000000
vt 0.413581 0.500000
vt 0.411523 1.000000
vt 0.411523 0.500000
vt 0.409465 1.000000
vt 0.409465 0.500000
vt 0.407408 1.000000
vt 0.407408 0.500000
vt 0.405350 1.000000
vt 0.405350 0.500000
vt 0.403293 1.000000
vt 0.403293 0.500000
vt 0.401235 1.000000
vt 0.401235 0.500000
vt 0.399177 1.000000
vt 0.399177 0.500000
vt 0.397120 1.000000
vt 0.397120 0.500000
vt 0.395062 1.000000
vt 0.395062 0.500000
vt 0.393004 1.000000
vt 0.393004 0.500000
vt 0.390947 1.000000
vt 0.390947 0.500000
vt 0.388889 1.000000
vt 0.388889 0.500000
vt 0.386832 1.000000
vt 0.386832 0.500000
vt 0.384774 1.000000
vt 0.384774 0.500000
vt 0.382716 1.000000
vt 0.382716 0.500000
vt 0.380659 1.000000
vt 0.380659 0.500000
vt 0.378601 1.000000
vt 0.378601 0.500000
vt 0.376544 1.000000
vt 0.376544 0.500000
vt 0.374486 1.000000
vt 0.374486 0.500000
vt 0.372428 1.000000
vt 0.372428 0.500000
vt 0.370371 1.000000
vt 0.370371 0.500000
vt 0.368313 1.000000
vt 0.368313 0.500000
vt 0.366256 1.000000
vt 0.366256 0.500000
vt 0.364198 1.000000
vt 0.364198 0.500000
vt 0.362140 1.000000
vt 0.362140 0.500000
vt 0.360083 1.000000
vt 0.360083 0.500000
vt 0.358025 1.000000
vt 0.358025 0.500000
vt 0.355967 1.000000
vt 0.355967 0.500000
vt 0.353910 1.000000
vt 0.353910 0.500000
vt 0.351852 1.000000
vt 0.351852 0.500000
vt 0.349795 1.000000
vt 0.349795 0.500000
vt 0.347737 1.000000
vt 0.347737 0.500000
vt 0.345679 1.000000
vt 0.345679 0.500000
vt 0.343622 1.000000
vt 0.343622 0.500000
vt 0.341564 1.000000
vt 0.341564 0.500000
vt 0.339507 1.000000
vt 0.339507 0.500000
vt 0.337449 1.000000
vt 0.337449 0.500000
vt 0.335391 1.000000
vt 0.335391 0.500000
vt 0.333334 1.000000
vt 0.333334 0.500000
vt 0.331276 1.000000
vt 0.331276 0.500000
vt 0.329219 1.000000
vt 0.329219 0.500000
vt 0.327161 1.000000
vt 0.327161 0.500000
vt 0.325103 1.000000
vt 0.325103 0.500000
vt 0.323046 1.000000
vt 0.323046 0.500000
vt 0.320988 1.000000
vt 0.320988 0.500000
vt 0.318930 1.000000
vt 0.318930 0.500000
vt 0.316873 1.000000
vt 0.316873 0.500000
vt 0.314815 1.000000
vt 0.314815 0.500000
vt 0.312758 1.000000
vt 0.312758 0.500000
vt 0.310700 1.000000
vt 0.310700 0.500000
vt 0.308642 1.000000
vt 0.308642 0.500000
vt 0.306585 1.000000
vt 0.306585 0.500000
vt 0.304527 1.000000
vt 0.304527 0.500000
vt 0.302470 1.000000
vt 0.302470 0.500000
vt 0.300412 1.000000
vt 0.300412 0.500000
vt 0.298354 1.000000
vt 0.298354 0.500000
vt 0.296297 1.000000
vt 0.296297 0.500000
vt 0.294239 1.000000
vt 0.294239 0.500000
vt 0.292181 1.000000
vt 0.292181 0.500000
vt 0.290124 1.000000
vt 0.290124 0.500000
vt 0.288066 1.000000
vt 0.288066 0.500000
vt 0.286009 1.000000
vt 0.286009 0.500000
vt 0.283951 1.000000
vt 0.283951 0.500000
vt 0.281893 1.000000
vt 0.281893 0.500000
vt 0.279836 1.000000
vt 0.279836 0.500000
vt 0.277778 1.000000
vt 0.277778 0.500000
vt 0.275721 1.000000
vt 0.275721 0.500000
vt 0.273663 1.000000
vt 0.273663 0.500000
vt 0.271605 1.000000
vt 0.271605 0.500000
vt 0.269548 1.000000
vt 0.269548 0.500000
vt 0.267490 1.000000
vt 0.267490 0.500000
vt 0.265433 1.000000
vt 0.265433 0.500000
vt 0.263375 1.000000
vt 0.263375 0.500000
vt 0.261317 1.000000
vt 0.261317 0.500000
vt 0.259260 1.000000
vt 0.259260 0.500000
vt 0.257202 1.000000
vt 0.257202 0.500000
vt 0.255144 1.000000
vt 0.255144 0.500000
vt 0.253087 1.000000
vt 0.253087 0.500000
vt 0.251029 1.000000
vt 0.251029 0.500000
vt 0.248972 1.000000
vt 0.248972 0.500000
vt 0.246914 1.000000
vt 0.246914 0.500000
vt 0.244856 1.000000
vt 0.244856 0.500000
vt 0.242799 1.000000
vt 0.242799 0.500000
vt 0.240741 1.000000
vt 0.240741 0.500000
vt 0.238684 1.000000
vt 0.238684 0.500000
vt 0.236626 1.000000
vt 0.236626 0.500000
vt 0.234568 1.000000
vt 0.234568 0.500000
vt 0.232511 1.000000
vt 0.232511 0.500000
vt 0.230453 1.000000
vt 0.230453 0.500000
vt 0.228396 1.000000
vt 0.228396 0.500000
vt 0.226338 1.000000
vt 0.226338 0.500000
vt 0.224280 1.000000
vt 0.224280 0.500000
vt 0.222223 1.000000
vt 0.222223 0.500000
vt 0.220165 1.000000
vt 0.220165 0.500000
vt 0.218107 1.000000
vt 0.218107 0.500000
vt 0.216050 1.000000
vt 0.216050 0.500000
vt 0.213992 1.000000
vt 0.213992 0.500000
vt 0.211935 1.000000
vt 0.211935 0.500000
vt 0.209877 1.000000
vt 0.209877 0.500000
vt 0.207819 1.000000
vt 0.207819 0.500000
vt 0.205762 1.000000
vt 0.205762 0.500000
vt 0.203704 1.000000
vt 0.203704 0.500000
vt 0.201647 1.000000
vt 0.201647 0.500000
vt 0.199589 1.000000
vt 0.199589 0.500000
vt 0.197531 1.000000
vt 0.197531 0.500000
vt 0.195474 1.000000
vt 0.195474 0.500000
vt 0.193416 1.000000
vt 0.193416 0.500000
vt 0.191359 1.000000
vt 0.191359 0.500000
vt 0.189301 1.000000
vt 0.189301 0.500000
vt 0.187243 1.000000
vt 0.187243 0.500000
vt 0.185186 1.000000
vt 0.185186 0.500000
vt 0.183128 1.000000
vt 0.183128 0.500000
vt 0.181070 1.000000
vt 0.181070 0.500000
vt 0.179013 1.000000
vt 0.179013 0.500000
vt 0.176955 1.000000
vt 0.176955 0.500000
vt 0.174898 1.000000
vt 0.174898 0.500000
vt 0.172840 1.000000
vt 0.172840 0.500000
vt 0.170782 1.000000
vt 0.170782 0.500000
vt 0.168725 1.000000
vt 0.168725 0.500000
vt 0.166667 1.000000
vt 0.166667 0.500000
vt 0.164610 1.000000
vt 0.164610 0.500000
vt 0.162552 1.000000
vt 0.162552 0.500000
vt 0.160494 1.000000
vt 0.160494 0.500000
vt 0.158437 1.000000
vt 0.158437 0.500000
vt 0.156379 1.000000
vt 0.156379 0.500000
vt 0.154321 1.000000
vt 0.154321 0.500000
vt 0.152264 1.000000
vt 0.152264 0.500000
vt 0.150206 1.000000
vt 0.150206 0.500000
vt 0.148149 1.000000
vt 0.148149 0.500000
vt 0.146091 1.000000
vt 0.146091 0.500000
vt 0.144033 1.000000
vt 0.144033 0.500000
vt 0.141976 1.000000
vt 0.141976 0.500000
vt 0.139918 1.000000
vt 0.139918 0.500000
vt 0.137861 1.000000
vt 0.137861 0.500000
vt 0.135803 1.000000
vt 0.135803 0.500000
vt 0.133745 1.000000
vt 0.133745 0.500000
vt 0.131688 1.000000
vt 0.131688 0.500000
vt 0.129630 1.000000
vt 0.129630 0.500000
vt 0.127573 1.000000
vt 0.127573 0.500000
vt 0.125515 1.000000
vt 0.125515 0.500000
vt 0.123457 1.000000
vt 0.123457 0.500000
vt 0.121400 1.000000
vt 0.121400 0.500000
vt 0.119342 1.000000
vt 0.119342 0.500000
vt 0.117284 1.000000
vt 0.117284 0.500000
vt 0.115227 1.000000
vt 0.115227 0.500000
vt 0.113169 1.000000
vt 0.113169 0.500000
vt 0.111112 1.000000
vt 0.111112 0.500000
vt 0.109054 1.000000
vt 0.109054 0.500000
vt 0.106996 1.000000
vt 0.106996 0.500000
vt 0.104939 1.000000
vt 0.104939 0.500000
vt 0.102881 1.000000
vt 0.102881 0.500000
vt 0.100824 1.000000
vt 0.100824 0.500000
vt 0.098766 1.000000
vt 0.098766 0.500000
vt 0.096708 1.000000
vt 0.096708 0.500000
vt 0.094651 1.000000
vt 0.094651 0.500000
vt 0.092593 1.000000
vt 0.092593 0.500000
vt 0.090536 1.000000
vt 0.090536 0.500000
vt 0.088478 1.000000
vt 0.088478 0.500000
vt 0.086420 1.000000
vt 0.086420 0.500000
vt 0.084363 1.000000
vt 0.084363 0.500000
vt 0.082305 1.000000
vt 0.082305 0.500000
vt 0.080247 1.000000
vt 0.080247 0.500000
vt 0.078190 1.000000
vt 0.078190 0.500000
vt 0.076132 1.000000
vt 0.076132 0.500000
vt 0.074075 1.000000
vt 0.074075 0.500000
vt 0.072017 1.000000
vt 0.072017 0.500000
vt 0.069959 1.000000
vt 0.069959 0.500000
vt 0.067902 1.000000
vt 0.067902 0.500000
vt 0.065844 1.000000
vt 0.065844 0.500000
vt 0.063787 1.000000
vt 0.063787 0.500000
vt 0.061729 1.000000
vt 0.061729 0.500000
vt 0.059671 1.000000
vt 0.059671 0.500000
vt 0.057614 1.000000
vt 0.057614 0.500000
vt 0.055556 1.000000
vt 0.055556 0.500000
vt 0.053499 1.000000
vt 0.053499 0.500000
vt 0.051441 1.000000
vt 0.051441 0.500000
vt 0.049383 1.000000
vt 0.049383 0.500000
vt 0.047326 1.000000
vt 0.047326 0.500000
vt 0.045268 1.000000
vt 0.045268 0.500000
vt 0.043210 1.000000
vt 0.043210 0.500000
vt 0.041153 1.000000
vt 0.041153 0.500000
vt 0.039095 1.000000
vt 0.039095 0.500000
vt 0.037038 1.000000
vt 0.037038 0.500000
vt 0.034980 1.000000
vt 0.034980 0.500000
vt 0.032922 1.000000
vt 0.032922 0.500000
vt 0.030865 1.000000
vt 0.030865 0.500000
vt 0.028807 1.000000
vt 0.028807 0.500000
vt 0.026750 1.000000
vt 0.026750 0.500000
vt 0.024692 1.000000
vt 0.024692 0.500000
vt 0.022634 1.000000
vt 0.022634 0.500000
vt 0.020577 1.000000
vt 0.020577 0.500000
vt 0.018519 1.000000
vt 0.018519 0.500000
vt 0.016461 1.000000
vt 0.016461 0.500000
vt 0.014404 1.000000
vt 0.014404 0.500000
vt 0.012346 1.000000
vt 0.012346 0.500000
vt 0.010289 1.000000
vt 0.010289 0.500000
vt 0.008231 1.000000
vt 0.008231 0.500000
vt 0.006173 1.000000
vt 0.006173 0.500000
vt 0.004116 1.000000
vt 0.004116 0.500000
vt 0.253103 0.489980
vt 0.250000 0.490000
vt 0.246897 0.489980
vt 0.243795 0.489920
vt 0.240694 0.489819
vt 0.237594 0.489679
vt 0.234497 0.489499
vt 0.231402 0.489278
vt 0.228310 0.489018
vt 0.225222 0.488717
vt 0.222138 0.488377
vt 0.219058 0.487997
vt 0.215984 0.487577
vt 0.212915 0.487118
vt 0.209853 0.486618
vt 0.206797 0.486080
vt 0.203749 0.485501
vt 0.200708 0.484884
vt 0.197676 0.484227
vt 0.194652 0.483531
vt 0.191638 0.482796
vt 0.188633 0.482022
vt 0.185639 0.481209
vt 0.182655 0.480358
vt 0.179682 0.479468
vt 0.176722 0.478539
vt 0.173773 0.477573
vt 0.170838 0.476569
vt 0.167915 0.475526
vt 0.165006 0.474446
vt 0.162112 0.473329
vt 0.159232 0.472174
vt 0.156367 0.470982
vt 0.153518 0.469753
vt 0.150685 0.468487
vt 0.147869 0.467185
vt 0.145070 0.465846
vt 0.142288 0.464472
vt 0.139525 0.463061
vt 0.136779 0.461615
vt 0.134053 0.460134
vt 0.131346 0.458617
vt 0.128659 0.457066
vt 0.125992 0.455480
vt 0.123346 0.453860
vt 0.120721 0.452205
vt 0.118118 0.450517
vt 0.115537 0.448795
vt 0.112978 0.447040
vt 0.110442 0.445252
vt 0.107929 0.443432
vt 0.105441 0.441579
vt 0.102976 0.439694
vt 0.100536 0.437778
vt 0.098121 0.435830
vt 0.095731 0.433851
vt 0.093367 0.431841
vt 0.091029 0.429801
vt 0.088718 0.427731
vt 0.086434 0.425631
vt 0.084177 0.423501
vt 0.081948 0.421343
vt 0.079747 0.419156
vt 0.077574 0.416941
vt 0.075430 0.414698
vt 0.073316 0.412427
vt 0.071231 0.410130
vt 0.069175 0.407805
vt 0.067150 0.405454
vt 0.065156 0.403077
vt 0.063192 0.400675
vt 0.061260 0.398247
vt 0.059359 0.395795
vt 0.057490 0.393318
vt 0.055654 0.390817
vt 0.053849 0.388293
vt 0.052078 0.385746
vt 0.050340 0.383176
vt 0.048635 0.380583
vt 0.046963 0.377969
vt 0.045326 0.375334
vt 0.043723 0.372677
vt 0.042154 0.370000
vt 0.040620 0.367303
vt 0.039121 0.364586
vt 0.037657 0.361850
vt 0.036229 0.359096
vt 0.034836 0.356323
vt 0.033480 0.353533
vt 0.032159 0.350725
vt 0.030876 0.347900
vt 0.029628 0.345059
vt 0.028418 0.342202
vt 0.027244 0.339330
vt 0.026108 0.336443
vt 0.025009 0.333541
vt 0.023948 0.330625
vt 0.022924 0.327696
vt 0.021939 0.324754
vt 0.020992 0.321799
vt 0.020083 0.318833
vt 0.019212 0.315855
vt 0.018380 0.312865
vt 0.017586 0.309866
vt 0.016832 0.306856
vt 0.016116 0.303837
vt 0.015440 0.300809
vt 0.014803 0.297772
vt 0.014205 0.294728
vt 0.013646 0.291676
vt 0.013127 0.288616
vt 0.012648 0.285551
vt 0.012208 0.282480
vt 0.011808 0.279403
vt 0.011448 0.276321
vt 0.011127 0.273235
vt 0.010847 0.270145
vt 0.010606 0.267051
vt 0.010406 0.263955
vt 0.010246 0.260856
vt 0.010125 0.257756
vt 0.010045 0.254654
vt 0.010005 0.251551
vt 0.010005 0.248449
vt 0.010045 0.245346
vt 0.010125 0.242244
vt 0.010246 0.239144
vt 0.010406 0.236045
vt 0.010606 0.232949
vt 0.010847 0.229855
vt 0.011127 0.226765
vt 0.011448 0.223679
vt 0.011808 0.220597
vt 0.012208 0.217520
vt 0.012648 0.214449
vt 0.013127 0.211384
vt 0.013646 0.208324
vt 0.014205 0.205272
vt 0.014803 0.202228
vt 0.015440 0.199191
vt 0.016116 0.196163
vt 0.016832 0.193144
vt 0.017586 0.190134
vt 0.018380 0.187134
vt 0.019212 0.184145
vt 0.020083 0.181167
vt 0.020992 0.178201
vt 0.021939 0.175246
vt 0.022924 0.172304
vt 0.023948 0.169375
vt 0.025009 0.166459
vt 0.026108 0.163557
vt 0.027244 0.160670
vt 0.028418 0.157798
vt 0.029628 0.154941
vt 0.030876 0.152100
vt 0.032159 0.149275
vt 0.033480 0.146467
vt 0.034836 0.143677
vt 0.036229 0.140904
vt 0.037657 0.138150
vt 0.039121 0.135414
vt 0.040620 0.132697
vt 0.042154 0.130000
vt 0.043723 0.127323
vt 0.045326 0.124666
vt 0.046963 0.122031
vt 0.048635 0.119417
vt 0.050340 0.116824
vt 0.052078 0.114254
vt 0.053849 0.111707
vt 0.055654 0.109183
vt 0.057490 0.106682
vt 0.059359 0.104205
vt 0.061260 0.101753
vt 0.063192 0.099325
vt 0.065156 0.096923
vt 0.067150 0.094546
vt 0.069175 0.092195
vt 0.071231 0.089870
vt 0.073316 0.087573
vt 0.075430 0.085302
vt 0.077574 0.083059
vt 0.079747 0.080844
vt 0.081948 0.078657
vt 0.084177 0.076499
vt 0.086434 0.074369
vt 0.088718 0.072269
vt 0.091029 0.070199
vt 0.093367 0.068159
vt 0.095731 0.066149
vt 0.098121 0.064170
vt 0.100536 0.062222
vt 0.102976 0.060306
vt 0.105441 0.058421
vt 0.107929 0.056568
vt 0.110442 0.054748
vt 0.112978 0.052960
vt 0.115537 0.051205
vt 0.118118 0.049483
vt 0.120721 0.047795
vt 0.123346 0.046140
vt 0.125992 0.044520
vt 0.128659 0.042934
vt 0.131346 0.041383
vt 0.134053 0.039866
vt 0.136779 0.038385
vt 0.139525 0.036939
vt 0.142288 0.035528
vt 0.145070 0.034154
vt 0.147869 0.032815
vt 0.150685 0.031513
vt 0.153518 0.030247
vt 0.156367 0.029018
vt 0.159232 0.027826
vt 0.162112 0.026671
vt 0.165006 0.025554
vt 0.167915 0.024474
vt 0.170838 0.023431
vt 0.173773 0.022427
vt 0.176722 0.021461
vt 0.179682 0.020532
vt 0.182655 0.019642
vt 0.185639 0.018791
vt 0.188633 0.017978
vt 0.191638 0.017204
vt 0.194652 0.016469
vt 0.197676 0.015773
vt 0.200708 0.015116
vt 0.203749 0.014499
vt 0.206797 0.013920
vt 0.209853 0.013382
vt 0.212915 0.012882
vt 0.215984 0.012423
vt 0.219058 0.012003
vt 0.222138 0.011623
vt 0.225222 0.011283
vt 0.228310 0.010982
vt 0.231402 0.010722
vt 0.234497 0.010501
vt 0.237594 0.010321
vt 0.240694 0.010181
vt 0.243795 0.010080
vt 0.246897 0.010020
vt 0.250000 0.010000
vt 0.253103 0.010020
vt 0.256205 0.010080
vt 0.259306 0.010181
vt 0.262406 0.010321
vt 0.265503 0.010501
vt 0.268598 0.010722
vt 0.271690 0.010982
vt 0.274778 0.011283
vt 0.277862 0.011623
vt 0.280942 0.012003
vt 0.284016 0.012423
vt 0.287085 0.012882
vt 0.290147 0.013382
vt 0.293203 0.013920
vt 0.296251 0.014499
vt 0.299292 0.015116
vt 0.302324 0.015773
vt 0.305348 0.016469
vt 0.308362 0.017204
vt 0.311367 0.017978
vt 0.314361 0.018791
vt 0.317345 0.019642
vt 0.320318 0.020532
vt 0.323278 0.021461
vt 0.326227 0.022427
vt 0.329162 0.023431
vt 0.332085 0.024474
vt 0.334994 0.025554
vt 0.337888 0.026671
vt 0.340768 0.027826
vt 0.343633 0.029018
vt 0.346482 0.030247
vt 0.349315 0.031513
vt 0.352131 0.032815
vt 0.354930 0.034154
vt 0.357712 0.035528
vt 0.360475 0.036939
vt 0.363221 0.038385
vt 0.365947 0.039866
vt 0.368654 0.041383
vt 0.371341 0.042934
vt 0.374008 0.044520
vt 0.376654 0.046140
vt 0.379279 0.047795
vt 0.381882 0.049483
vt 0.384463 0.051205
vt 0.387022 0.052960
vt 0.389558 0.054748
vt 0.392071 0.056568
vt 0.394559 0.058421
vt 0.397024 0.060306
vt 0.399464 0.062222
vt 0.401879 0.064170
vt 0.404269 0.066149
vt 0.406633 0.068159
vt 0.408971 0.070199
vt 0.411282 0.072269
vt 0.413566 0.074369
vt 0.415823 0.076499
vt 0.418052 0.078657
vt 0.420253 0.080844
vt 0.422426 0.083059
vt 0.424570 0.085302
vt 0.426684 0.087573
vt 0.428769 0.089870
vt 0.430825 0.092195
vt 0.432850 0.094546
vt 0.434844 0.096923
vt 0.436808 0.099325
vt 0.438740 0.101753
vt 0.440641 0.104205
vt 0.442510 0.106682
vt 0.444346 0.109183
vt 0.446151 0.111707
vt 0.447922 0.114254
vt 0.449660 0.116824
vt 0.451365 0.119417
vt 0.453037 0.122031
vt 0.454674 0.124666
vt 0.456277 0.127323
vt 0.457846 0.130000
vt 0.459380 0.132697
vt 0.460879 0.135414
vt 0.462343 0.138150
vt 0.463771 0.140904
vt 0.465164 0.143677
vt 0.466520 0.146467
vt 0.467841 0.149275
vt 0.469124 0.152100
vt 0.470372 0.154941
vt 0.471582 0.157798
vt 0.472756 0.160670
vt 0.473892 0.163557
vt 0.474991 0.166459
vt 0.476052 0.169375
vt 0.477076 0.172304
vt 0.478061 0.175246
vt 0.479008 0.178201
vt 0.479917 0.181167
vt 0.480788 0.184145
vt 0.481620 0.187134
vt 0.482414 0.190134
vt 0.483168 0.193144
vt 0.483884 0.196163
vt 0.484560 0.199191
vt 0.485197 0.202228
vt 0.485795 0.205272
vt 0.486354 0.208324
vt 0.486873 0.211384
vt 0.487352 0.214449
vt 0.487792 0.217520
vt 0.488192 0.220597
vt 0.488552 0.223679
vt 0.488873 0.226765
vt 0.489153 0.229855
vt 0.489394 0.232949
vt 0.489594 0.236045
vt 0.489754 0.239144
vt 0.489875 0.242244
vt 0.489955 0.245346
vt 0.489995 0.248449
vt 0.489995 0.251551
vt 0.489955 0.254654
vt 0.489875 0.257756
vt 0.489754 0.260856
vt 0.489594 0.263955
vt 0.489394 0.267051
vt 0.489153 0.270145
vt 0.488873 0.273235
vt 0.488552 0.276321
vt 0.488192 0.279403
vt 0.487792 0.282480
vt 0.487352 0.285551
vt 0.486873 0.288616
vt 0.486354 0.291676
vt 0.485795 0.294728
vt 0.485197 0.297772
vt 0.484560 0.300809
vt 0.483884 0.303837
vt 0.483168 0.306856
vt 0.482414 0.309866
vt 0.481620 0.312865
vt 0.480788 0.315855
vt 0.479917 0.318833
vt 0.479008 0.321799
vt 0.478061 0.324754
vt 0.477076 0.327696
vt 0.476052 0.330625
vt 0.474991 0.333541
vt 0.473892 0.336443
vt 0.472756 0.339330
vt 0.471582 0.342202
vt 0.470372 0.345059
vt 0.469124 0.347900
vt 0.467841 0.350725
vt 0.466520 0.353533
vt 0.465164 0.356323
vt 0.463771 0.359096
vt 0.462343 0.361850
vt 0.460879 0.364586
vt 0.459380 0.367303
vt 0.457846 0.370000
vt 0.456277 0.372677
vt 0.454674 0.375334
vt 0.453037 0.377969
vt 0.451365 0.380583
vt 0.449660 0.383176
vt 0.447922 0.385746
vt 0.446151 0.388293
vt 0.444346 0.390817
vt 0.442510 0.393318
vt 0.440641 0.395795
vt 0.438740 0.398247
vt 0.436808 0.400675
vt 0.434844 0.403077
vt 0.432850 0.405454
vt 0.430825 0.407805
vt 0.428769 0.410130
vt 0.426684 0.412427
vt 0.424570 0.414698
vt 0.422426 0.416941
vt 0.420253 0.419156
vt 0.418052 0.421343
vt 0.415823 0.423501
vt 0.413566 0.425631
vt 0.411282 0.427731
vt 0.408971 0.429801
vt 0.406633 0.431841
vt 0.404269 0.433851
vt 0.401879 0.435830
vt 0.399464 0.437778
vt 0.397024 0.439694
vt 0.394559 0.441579
vt 0.392071 0.443432
vt 0.389558 0.445252
vt 0.387022 0.447040
vt 0.384463 0.448795
vt 0.381882 0.450517
vt 0.379279 0.452205
vt 0.376654 0.453860
vt 0.374008 0.455480
vt 0.371341 0.457066
vt 0.368654 0.458617
vt 0.365947 0.460134
vt 0.363221 0.461615
vt 0.360475 0.463061
vt 0.357712 0.464472
vt 0.354930 0.465846
vt 0.352131 0.467185
vt 0.349315 0.468487
vt 0.346482 0.469753
vt 0.343633 0.470982
vt 0.340768 0.472174
vt 0.337888 0.473329
vt 0.334994 0.474446
vt 0.332085 0.475526
vt 0.329162 0.476569
vt 0.326227 0.477573
vt 0.323278 0.478539
vt 0.320318 0.479468
vt 0.317345 0.480358
vt 0.314361 0.481209
vt 0.311367 0.482022
vt 0.308362 0.482796
vt 0.305348 0.483531
vt 0.302324 0.484227
vt 0.299292 0.484884
vt 0.296251 0.485501
vt 0.293203 0.486080
vt 0.290147 0.486618
vt 0.287085 0.487118
vt 0.284016 0.487577
vt 0.280942 0.487997
vt 0.277862 0.488377
vt 0.274778 0.488717
vt 0.271690 0.489018
vt 0.268598 0.489278
vt 0.265503 0.489499
vt 0.262406 0.489679
vt 0.259306 0.489819
vt 0.256205 0.489920
vt 0.002058 1.000000
vt 0.002058 0.500000
vt 0.000001 1.000000
vt 0.000001 0.500000
vt 0.750000 0.490000
vt 0.753103 0.489980
vt 0.756205 0.489920
vt 0.759306 0.489819
vt 0.762406 0.489679
vt 0.765503 0.489499
vt 0.768598 0.489278
vt 0.771690 0.489018
vt 0.774778 0.488717
vt 0.777862 0.488377
vt 0.780942 0.487997
vt 0.784016 0.487577
vt 0.787085 0.487118
vt 0.790147 0.486618
vt 0.793203 0.486080
vt 0.796251 0.485501
vt 0.799292 0.484884
vt 0.802324 0.484227
vt 0.805348 0.483531
vt 0.808362 0.482796
vt 0.811367 0.482022
vt 0.814361 0.481209
vt 0.817345 0.480358
vt 0.820318 0.479468
vt 0.823278 0.478539
vt 0.826227 0.477573
vt 0.829162 0.476569
vt 0.832085 0.475526
vt 0.834994 0.474446
vt 0.837888 0.473329
vt 0.840768 0.472174
vt 0.843633 0.470982
vt 0.846482 0.469753
vt 0.849315 0.468487
vt 0.852131 0.467185
vt 0.854930 0.465846
vt 0.857712 0.464472
vt 0.860475 0.463061
vt 0.863221 0.461615
vt 0.865947 0.460134
vt 0.868654 0.458617
vt 0.871341 0.457066
vt 0.874008 0.455480
vt 0.876654 0.453860
vt 0.879279 0.452205
vt 0.881882 0.450517
vt 0.884463 0.448795
vt 0.887022 0.447040
vt 0.889558 0.445252
vt 0.892071 0.443432
vt 0.894560 0.441579
vt 0.897024 0.439694
vt 0.899464 0.437778
vt 0.901879 0.435830
vt 0.904269 0.433851
vt 0.906633 0.431841
vt 0.908971 0.429801
vt 0.911282 0.427731
vt 0.913566 0.425631
vt 0.915823 0.423501
vt 0.918052 0.421343
vt 0.920253 0.419156
vt 0.922426 0.416941
vt 0.924570 0.414698
vt 0.926684 0.412427
vt 0.928769 0.410130
vt 0.930825 0.407805
vt 0.932850 0.405454
vt 0.934844 0.403077
vt 0.936808 0.400675
vt 0.938740 0.398247
vt 0.940641 0.395795
vt 0.942510 0.393318
vt 0.944346 0.390817
vt 0.946151 0.388293
vt 0.947922 0.385746
vt 0.949660 0.383176
vt 0.951365 0.380583
vt 0.953037 0.377969
vt 0.954674 0.375334
vt 0.956277 0.372677
vt 0.957846 0.370000
vt 0.959380 0.367303
vt 0.960879 0.364586
vt 0.962343 0.361850
vt 0.963771 0.359096
vt 0.965164 0.356323
vt 0.966520 0.353533
vt 0.967841 0.350725
vt 0.969124 0.347900
vt 0.970372 0.345059
vt 0.971582 0.342202
vt 0.972756 0.339330
vt 0.973892 0.336443
vt 0.974991 0.333541
vt 0.976052 0.330625
vt 0.977076 0.327696
vt 0.978061 0.324754
vt 0.979008 0.321799
vt 0.979917 0.318833
vt 0.980788 0.315855
vt 0.981620 0.312865
vt 0.982414 0.309866
vt 0.983168 0.306856
vt 0.983884 0.303837
vt 0.984560 0.300809
vt 0.985197 0.297772
vt 0.985795 0.294728
vt 0.986354 0.291676
vt 0.986873 0.288616
vt 0.987352 0.285551
vt 0.987792 0.282480
vt 0.988192 0.279403
vt 0.988552 0.276321
vt 0.988873 0.273235
vt 0.989153 0.270145
vt 0.989394 0.267051
vt 0.989594 0.263955
vt 0.989754 0.260856
vt 0.989875 0.257756
vt 0.989955 0.254654
vt 0.989995 0.251551
vt 0.989995 0.248449
vt 0.989955 0.245346
vt 0.989875 0.242244
vt 0.989754 0.239144
vt 0.989594 0.236045
vt 0.989394 0.232949
vt 0.989153 0.229855
vt 0.988873 0.226765
vt 0.988552 0.223679
vt 0.988192 0.220597
vt 0.987792 0.217520
vt 0.987352 0.214449
vt 0.986873 0.211384
vt 0.986354 0.208324
vt 0.985795 0.205272
vt 0.985197 0.202228
vt 0.984560 0.199191
vt 0.983884 0.196163
vt 0.983168 0.193144
vt 0.982414 0.190134
vt 0.981620 0.187134
vt 0.980788 0.184145
vt 0.979917 0.181167
vt 0.979008 0.178201
vt 0.978061 0.175246
vt 0.977076 0.172304
vt 0.976052 0.169375
vt 0.974991 0.166459
vt 0.973892 0.163557
vt 0.972756 0.160670
vt 0.971582 0.157798
vt 0.970372 0.154941
vt 0.969124 0.152100
vt 0.967841 0.149275
vt 0.966520 0.146467
vt 0.965164 0.143677
vt 0.963771 0.140904
vt 0.962343 0.138150
vt 0.960879 0.135414
vt 0.959380 0.132697
vt 0.957846 0.130000
vt 0.956277 0.127323
vt 0.954674 0.124666
vt 0.953037 0.122031
vt 0.951365 0.119417
vt 0.949660 0.116824
vt 0.947922 0.114254
vt 0.946151 0.111707
vt 0.944346 0.109183
vt 0.942510 0.106682
vt 0.940641 0.104205
vt 0.938740 0.101753
vt 0.936808 0.099325
vt 0.934844 0.096923
vt 0.932850 0.094546
vt 0.930825 0.092195
vt 0.928769 0.089870
vt 0.926684 0.087573
vt 0.924570 0.085302
vt 0.922426 0.083059
vt 0.920253 0.080844
vt 0.918052 0.078657
vt 0.915823 0.076499
vt 0.913566 0.074369
vt 0.911282 0.072269
vt 0.908971 0.070199
vt 0.906633 0.068159
vt 0.904269 0.066149
vt 0.901879 0.064170
vt 0.899464 0.062222
vt 0.897024 0.060306
vt 0.894560 0.058421
vt 0.892071 0.056568
vt 0.889558 0.054748
vt 0.887022 0.052960
vt 0.884463 0.051205
vt 0.881882 0.049483
vt 0.879279 0.047795
vt 0.876654 0.046140
vt 0.874008 0.044520
vt 0.871341 0.042934
vt 0.868654 0.041383
vt 0.865947 0.039866
vt 0.863221 0.038385
vt 0.860475 0.036939
vt 0.857712 0.035528
vt 0.854930 0.034154
vt 0.852131 0.032815
vt 0.849315 0.031513
vt 0.846482 0.030247
vt 0.843633 0.029018
vt 0.840768 0.027826
vt 0.837888 0.026671
vt 0.834994 0.025554
vt 0.832085 0.024474
vt 0.829162 0.023431
vt 0.826227 0.022427
vt 0.823278 0.021461
vt 0.820318 0.020532
vt 0.817345 0.019642
vt 0.814361 0.018791
vt 0.811367 0.017978
vt 0.808362 0.017204
vt 0.805348 0.016469
vt 0.802324 0.015773
vt 0.799292 0.015116
vt 0.796251 0.014499
vt 0.793203 0.013920
vt 0.790147 0.013382
vt 0.787085 0.012882
vt 0.784016 0.012423
vt 0.780942 0.012003
vt 0.777862 0.011623
vt 0.774778 0.011283
vt 0.771690 0.010982
vt 0.768598 0.010722
vt 0.765503 0.010501
vt 0.762406 0.010321
vt 0.759306 0.010181
vt 0.756205 0.010080
vt 0.753103 0.010020
vt 0.750000 0.010000
vt 0.746897 0.010020
vt 0.743795 0.010080
vt 0.740694 0.010181
vt 0.737594 0.010321
vt 0.734497 0.010501
vt 0.731402 0.010722
vt 0.728310 0.010982
vt 0.725222 0.011283
vt 0.722138 0.011623
vt 0.719058 0.012003
vt 0.715984 0.012423
vt 0.712915 0.012882
vt 0.709853 0.013382
vt 0.706797 0.013920
vt 0.703749 0.014499
vt 0.700708 0.015116
vt 0.697676 0.015773
vt 0.694652 0.016469
vt 0.691638 0.017204
vt 0.688633 0.017978
vt 0.685639 0.018791
vt 0.682655 0.019642
vt 0.679682 0.020532
vt 0.676722 0.021461
vt 0.673773 0.022427
vt 0.670838 0.023431
vt 0.667915 0.024474
vt 0.665006 0.025554
vt 0.662112 0.026671
vt 0.659232 0.027826
vt 0.656367 0.029018
vt 0.653518 0.030247
vt 0.650685 0.031513
vt 0.647869 0.032815
vt 0.645070 0.034154
vt 0.642288 0.035528
vt 0.639525 0.036939
vt 0.636779 0.038385
vt 0.634053 0.039866
vt 0.631346 0.041383
vt 0.628659 0.042934
vt 0.625992 0.044520
vt 0.623346 0.046140
vt 0.620721 0.047795
vt 0.618118 0.049483
vt 0.615537 0.051205
vt 0.612978 0.052960
vt 0.610442 0.054748
vt 0.607929 0.056568
vt 0.605440 0.058421
vt 0.602976 0.060306
vt 0.600536 0.062222
vt 0.598121 0.064170
vt 0.595731 0.066149
vt 0.593367 0.068159
vt 0.591029 0.070199
vt 0.588718 0.072269
vt 0.586434 0.074369
vt 0.584177 0.076499
vt 0.581948 0.078657
vt 0.579747 0.080844
vt 0.577574 0.083059
vt 0.575430 0.085302
vt 0.573316 0.087573
vt 0.571231 0.089870
vt 0.569175 0.092195
vt 0.567150 0.094546
vt 0.565156 0.096923
vt 0.563192 0.099325
vt 0.561260 0.101753
vt 0.559359 0.104205
vt 0.557490 0.106682
vt 0.555654 0.109183
vt 0.553849 0.111707
vt 0.552078 0.114254
vt 0.550340 0.116824
vt 0.548635 0.119417
vt 0.546963 0.122031
vt 0.545326 0.124666
vt 0.543723 0.127323
vt 0.542154 0.130000
vt 0.540620 0.132697
vt 0.539121 0.135414
vt 0.537657 0.138150
vt 0.536229 0.140904
vt 0.534836 0.143677
vt 0.533480 0.146467
vt 0.532159 0.149275
vt 0.530876 0.152100
vt 0.529628 0.154941
vt 0.528418 0.157798
vt 0.527244 0.160670
vt 0.526108 0.163557
vt 0.525009 0.166459
vt 0.523948 0.169375
vt 0.522924 0.172304
vt 0.521939 0.175246
vt 0.520992 0.178201
vt 0.520083 0.181167
vt 0.519212 0.184145
vt 0.518380 0.187134
vt 0.517586 0.190134
vt 0.516832 0.193144
vt 0.516116 0.196163
vt 0.515440 0.199191
vt 0.514803 0.202228
vt 0.514205 0.205272
vt 0.513646 0.208324
vt 0.513127 0.211384
vt 0.512648 0.214449
vt 0.512208 0.217520
vt 0.511808 0.220597
vt 0.511448 0.223679
vt 0.511127 0.226765
vt 0.510847 0.229855
vt 0.510606 0.232949
vt 0.510406 0.236045
vt 0.510246 0.239144
vt 0.510125 0.242244
vt 0.510045 0.245346
vt 0.510005 0.248449
vt 0.510005 0.251551
vt 0.510045 0.254654
vt 0.510125 0.257756
vt 0.510246 0.260856
vt 0.510406 0.263955
vt 0.510606 0.267051
vt 0.510847 0.270145
vt 0.511127 0.273235
vt 0.511448 0.276321
vt 0.511808 0.279403
vt 0.512208 0.282480
vt 0.512648 0.285551
vt 0.513127 0.288616
vt 0.513646 0.291676
vt 0.514205 0.294728
vt 0.514803 0.297772
vt 0.515440 0.300809
vt 0.516116 0.303837
vt 0.516832 0.306856
vt 0.517586 0.309866
vt 0.518380 0.312865
vt 0.519212 0.315855
vt 0.520083 0.318833
vt 0.520992 0.321799
vt 0.521939 0.324754
vt 0.522924 0.327696
vt 0.523948 0.330625
vt 0.525009 0.333541
vt 0.526108 0.336443
vt 0.527244 0.339330
vt 0.528418 0.342202
vt 0.529628 0.345059
vt 0.530876 0.347900
vt 0.532159 0.350725
vt 0.533480 0.353533
vt 0.534836 0.356323
vt 0.536229 0.359096
vt 0.537657 0.361850
vt 0.539121 0.364586
vt 0.540620 0.367303
vt 0.542154 0.370000
vt 0.543723 0.372677
vt 0.545326 0.375334
vt 0.546963 0.377969
vt 0.548635 0.380583
vt 0.550340 0.383176
vt 0.552078 0.385746
vt 0.553849 0.388293
vt 0.555654 0.390817
vt 0.557490 0.393318
vt 0.559359 0.395795
vt 0.561260 0.398247
vt 0.563192 0.400675
vt 0.565156 0.403077
vt 0.567150 0.405454
vt 0.569175 0.407805
vt 0.571231 0.410130
vt 0.573316 0.412427
vt 0.575430 0.414698
vt 0.577574 0.416941
vt 0.579747 0.419156
vt 0.581948 0.421343
vt 0.584177 0.423501
vt 0.586434 0.425631
vt 0.588718 0.427731
vt 0.591029 0.429801
vt 0.593367 0.431841
vt 0.595731 0.433851
vt 0.598121 0.435830
vt 0.600536 0.437778
vt 0.602976 0.439694
vt 0.605440 0.441579
vt 0.607929 0.443432
vt 0.610442 0.445252
vt 0.612978 0.447040
vt 0.615537 0.448795
vt 0.618118 0.450517
vt 0.620721 0.452205
vt 0.623346 0.453860
vt 0.625992 0.455480
vt 0.628659 0.457066
vt 0.631346 0.458617
vt 0.634053 0.460134
vt 0.636779 0.461615
vt 0.639525 0.463061
vt 0.642288 0.464472
vt 0.645070 0.465846
vt 0.647869 0.467185
vt 0.650685 0.468487
vt 0.653518 0.469753
vt 0.656367 0.470982
vt 0.659232 0.472174
vt 0.662112 0.473329
vt 0.665006 0.474446
vt 0.667915 0.475526
vt 0.670838 0.476569
vt 0.673773 0.477573
vt 0.676722 0.478539
vt 0.679682 0.479468
vt 0.682655 0.480358
vt 0.685639 0.481209
vt 0.688633 0.482022
vt 0.691638 0.482796
vt 0.694652 0.483531
vt 0.697676 0.484227
vt 0.700708 0.484884
vt 0.703749 0.485501
vt 0.706797 0.486080
vt 0.709853 0.486618
vt 0.712915 0.487118
vt 0.715984 0.487577
vt 0.719058 0.487997
vt 0.722138 0.488377
vt 0.725222 0.488717
vt 0.728310 0.489018
vt 0.731402 0.489278
vt 0.734497 0.489499
vt 0.737594 0.489679
vt 0.740694 0.489819
vt 0.743795 0.489920
vt 0.746897 0.489980
s 0
f 1/1/1 2/2/1 4/3/1 3/4/1
f 3/4/2 4/3/2 6/5/2 5/6/2
f 5/6/3 6/5/3 8/7/3 7/8/3
f 7/8/4 8/7/4 10/9/4 9/10/4
f 9/10/5 10/9/5 12/11/5 11/12/5
f 11/12/6 12/11/6 14/13/6 13/14/6
f 13/14/7 14/13/7 16/15/7 15/16/7
f 15/16/8 16/15/8 18/17/8 17/18/8
f 17/18/9 18/17/9 20/19/9 19/20/9
f 19/20/10 20/19/10 22/21/10 21/22/10
f 21/22/11 22/21/11 24/23/11 23/24/11
f 23/24/12 24/23/12 26/25/12 25/26/12
f 25/26/13 26/25/13 28/27/13 27/28/13
f 27/28/14 28/27/14 30/29/14 29/30/14
f 29/30/15 30/29/15 32/31/15 31/32/15
f 31/32/16 32/31/16 34/33/16 33/34/16
f 33/34/17 34/33/17 36/35/17 35/36/17
f 35/36/18 36/35/18 38/37/18 37/38/18
f 37/38/19 38/37/19 40/39/19 39/40/19
f 39/40/20 40/39/20 42/41/20 41/42/20
f 41/42/21 42/41/21 44/43/21 43/44/21
f 43/44/22 44/43/22 46/45/22 45/46/22
f 45/46/23 46/45/23 48/47/23 47/48/23
f 47/48/24 48/47/24 50/49/24 49/50/24
f 49/50/25 50/49/25 52/51/25 51/52/25
f 51/52/26 52/51/26 54/53/26 53/54/26
f 53/54/27 54/53/27 56/55/27 55/56/27
f 55/56/28 56/55/28 58/57/28 57/58/28
f 57/58/29 58/57/29 60/59/29 59/60/29
f 59/60/30 60/59/30 62/61/30 61/62/30
f 61/62/31 62/61/31 64/63/31 63/64/31
f 63/64/32 64/63/32 66/65/32 65/66/32
f 65/66/33 66/65/33 68/67/33 67/68/33
f 67/68/34 68/67/34 70/69/34 69/70/34
f 69/70/35 70/69/35 72/71/35 71/72/35
f 71/72/36 72/71/36 74/73/36 73/74/36
f 73/74/37 74/73/37 76/75/37 75/76/37
f 75/76/38 76/75/38 78/77/38 77/78/38
f 77/78/39 78/77/39 80/79/39 79/80/39
f 79/80/40 80/79/40 82/81/40 81/82/40
f 81/82/41 82/81/41 84/83/41 83/84/41
f 83/84/42 84/83/42 86/85/42 85/86/42
f 85/86/43 86/85/43 88/87/43 87/88/43
f 87/88/44 88/87/44 90/89/44 89/90/44
f 89/90/45 90/89/45 92/91/45 91/92/45
f 91/92/46 92/91/46 94/93/46 93/94/46
f 93/94/47 94/93/47 96/95/47 95/96/47
f 95/96/48 96/95/48 98/97/48 97/98/48
f 97/98/49 98/97/49 100/99/49 99/100/49
f 99/100/50 100/99/50 102/101/50 101/102/50
f 101/102/51 102/101/51 104/103/51 103/104/51
f 103/104/52 104/103/52 106/105/52 105/106/52
f 105/106/53 106/105/53 108/107/53 107/108/53
f 107/108/54 108/107/54 110/109/54 109/110/54
f 109/110/55 110/109/55 112/111/55 111/112/55
f 111/112/56 112/111/56 114/113/56 113/114/56
f 113/114/57 114/113/57 116/115/57 115/116/57
f 115/116/58 116/115/58 118/117/58 117/118/58
f 117/118/59 118/117/59 120/119/59 119/120/59
f 119/120/60 120/119/60 122/121/60 121/122/60
f 121/122/61 122/121/61 124/123/61 123/124/61
f 123/124/62 124/123/62 126/125/62 125/126/62
f 125/126/63 126/125/63 128/127/63 127/128/63
f 127/128/64 128/127/64 130/129/64 129/130/64
f 129/130/65 130/129/65 132/131/65 131/132/65
f 131/132/66 132/131/66 134/133/66 133/134/66
f 133/134/67 134/133/67 136/135/67 135/136/67
f 135/136/68 136/135/68 138/137/68 137/138/68
f 137/138/69 138/137/69 140/139/69 139/140/69
f 139/140/70 140/139/70 142/141/70 141/142/70
f 141/142/71 142/141/71 144/143/71 143/144/71
f 143/144/72 144/143/72 146/145/72 145/146/72
f 145/146/73 146/145/73 148/147/73 147/148/73
f 147/148/74 148/147/74 150/149/74 149/150/74
f 149/150/75 150/149/75 152/151/75 151/152/75
f 151/152/76 152/151/76 154/153/76 153/154/76
f 153/154/77 154/153/77 156/155/77 155/156/77
f 155/156/78 156/155/78 158/157/78 157/158/78
f 157/158/79 158/157/79 160/159/79 159/160/79
f 159/160/80 160/159/80 162/161/80 161/162/80
f 161/162/81 162/161/81 164/163/81 163/164/81
f 163/164/82 164/163/82 166/165/82 165/166/82
f 165/166/83 166/165/83 168/167/83 167/168/83
f 167/168/84 168/167/84 170/169/84 169/170/84
f 169/170/85 170/169/85 172/171/85 171/172/85
f 171/172/86 172/171/86 174/173/86 173/174/86
f 173/174/87 174/173/87 176/175/87 175/176/87
f 175/176/88 176/175/88 178/177/88 177/178/88
f 177/178/89 178/177/89 180/179/89 179/180/89
f 179/180/90 180/179/90 182/181/90 181/182/90
f 181/182/91 182/181/91 184/183/91 183/184/91
f 183/184/92 184/183/92 186/185/92 185/186/92
f 185/186/93 186/185/93 188/187/93 187/188/93
f 187/188/94 188/187/94 190/189/94 189/190/94
f 189/190/95 190/189/95 192/191/95 191/192/95
f 191/192/96 192/191/96 194/193/96 193/194/96
f 193/194/97 194/193/97 196/195/97 195/196/97
f 195/196/98 196/195/98 198/197/98 197/198/98
f 197/198/99 198/197/99 200/199/99 199/200/99
f 199/200/100 200/199/100 202/201/100 201/202/100
f 201/202/101 202/201/101 204/203/101 203/204/101
f 203/204/102 204/203/102 206/205/102 205/206/102
f 205/206/103 206/205/103 208/207/103 207/208/103
f 207/208/104 208/207/104 210/209/104 209/210/104
f 209/210/105 210/209/105 212/211/105 211/212/105
f 211/212/106 212/211/106 214/213/106 213/214/106
f 213/214/107 214/213/107 216/215/107 215/216/107
f 215/216/108 216/215/108 218/217/108 217/218/108
f 217/218/109 218/217/109 220/219/109 219/220/109
f 219/220/110 220/219/110 222/221/110 221/222/110
f 221/222/111 222/221/111 224/223/111 223/224/111
f 223/224/112 224/223/112 226/225/112 225/226/112
f 225/226/113 226/225/113 228/227/113 227/228/113
f 227/228/114 228/227/114 230/229/114 229/230/114
f 229/230/115 230/229/115 232/231/115 231/232/115
f 231/232/116 232/231/116 234/233/116 233/234/116
f 233/234/117 234/233/117 236/235/117 235/236/117
f 235/236/118 236/235/118 238/237/118 237/238/118
f 237/238/119 238/237/119 240/239/119 239/240/119
f 239/240/120 240/239/120 242/241/120 241/242/120
f 241/242/121 242/241/121 244/243/121 243/244/121
f 243/244/122 244/243/122 246/245/122 245/246/122
f 245/246/123 246/245/123 248/247/123 247/248/123
f 247/248/124 248/247/124 250/249/124 249/250/124
f 249/250/125 250/249/125 252/251/125 251/252/125
f 251/252/126 252/251/126 254/253/126 253/254/126
f 253/254/127 254/253/127 256/255/127 255/256/127
f 255/256/128 256/255/128 258/257/128 257/258/128
f 257/258/129 258/257/129 260/259/129 259/260/129
f 259/260/130 260/259/130 262/261/130 261/262/130
f 261/262/131 262/261/131 264/263/131 263/264/131
f 263/264/132 264/263/132 266/265/132 265/266/132
f 265/266/133 266/265/133 268/267/133 267/268/133
f 267/268/134 268/267/134 270/269/134 269/270/134
f 269/270/135 270/269/135 272/271/135 271/272/135
f 271/272/136 272/271/136 274/273/136 273/274/136
f 273/274/137 274/273/137 276/275/137 275/276/137
f 275/276/138 276/275/138 278/277/138 277/278/138
f 277/278/139 278/277/139 280/279/139 279/280/139
f 279/280/140 280/279/140 282/281/140 281/282/140
f 281/282/141 282/281/141 284/283/141 283/284/141
f 283/284/142 284/283/142 286/285/142 285/286/142
f 285/286/143 286/285/143 288/287/143 287/288/143
f 287/288/144 288/287/144 290/289/144 289/290/144
f 289/290/145 290/289/145 292/291/145 291/292/145
f 291/292/146 292/291/146 294/293/146 293/294/146
f 293/294/147 294/293/147 296/295/147 295/296/147
f 295/296/148 296/295/148 298/297/148 297/298/148
f 297/298/149 298/297/149 300/299/149 299/300/149
f 299/300/150 300/299/150 302/301/150 301/302/150
f 301/302/151 302/301/151 304/303/151 303/304/151
f 303/304/152 304/303/152 306/305/152 305/306/152
f 305/306/153 306/305/153 308/307/153 307/308/153
f 307/308/154 308/307/154 310/309/154 309/310/154
f 309/310/155 310/309/155 312/311/155 311/312/155
f 311/312/156 312/311/156 314/313/156 313/314/156
f 313/314/157 314/313/157 316/315/157 315/316/157
f 315/316/158 316/315/158 318/317/158 317/318/158
f 317/318/159 318/317/159 320/319/159 319/320/159
f 319/320/160 320/319/160 322/321/160 321/322/160
f 321/322/161 322/321/161 324/323/161 323/324/161
f 323/324/162 324/323/162 326/325/162 325/326/162
f 325/326/163 326/325/163 328/327/163 327/328/163
f 327/328/164 328/327/164 330/329/164 329/330/164
f 329/330/165 330/329/165 332/331/165 331/332/165
f 331/332/166 332/331/166 334/333/166 333/334/166
f 333/334/167 334/333/167 336/335/167 335/336/167
f 335/336/168 336/335/168 338/337/168 337/338/168
f 337/338/169 338/337/169 340/339/169 339/340/169
f 339/340/170 340/339/170 342/341/170 341/342/170
f 341/342/171 342/341/171 344/343/171 343/344/171
f 343/344/172 344/343/172 346/345/172 345/346/172
f 345/346/173 346/345/173 348/347/173 347/348/173
f 347/348/174 348/347/174 350/349/174 349/350/174
f 349/350/175 350/349/175 352/351/175 351/352/175
f 351/352/176 352/351/176 354/353/176 353/354/176
f 353/354/177 354/353/177 356/355/177 355/356/177
f 355/356/178 356/355/178 358/357/178 357/358/178
f 357/358/179 358/357/179 360/359/179 359/360/179
f 359/360/180 360/359/180 362/361/180 361/362/180
f 361/362/181 362/361/181 364/363/181 363/364/181
f 363/364/182 364/363/182 366/365/182 365/366/182
f 365/366/183 366/365/183 368/367/183 367/368/183
f 367/368/184 368/367/184 370/369/184 369/370/184
f 369/370/185 370/369/185 372/371/185 371/372/185
f 371/372/186 372/371/186 374/373/186 373/374/186
f 373/374/187 374/373/187 376/375/187 375/376/187
f 375/376/188 376/375/188 378/377/188 377/378/188
f 377/378/189 378/377/189 380/379/189 379/380/189
f 379/380/190 380/379/190 382/381/190 381/382/190
f 381/382/191 382/381/191 384/383/191 383/384/191
f 383/384/192 384/383/192 386/385/192 385/386/192
f 385/386/193 386/385/193 388/387/193 387/388/193
f 387/388/194 388/387/194 390/389/194 389/390/194
f 389/390/195 390/389/195 392/391/195 391/392/195
f 391/392/196 392/391/196 394/393/196 393/394/196
f 393/394/197 394/393/197 396/395/197 395/396/197
f 395/396/198 396/395/198 398/397/198 397/398/198
f 397/398/199 398/397/199 400/399/199 399/400/199
f 399/400/200 400/399/200 402/401/200 401/402/200
f 401/402/201 402/401/201 404/403/201 403/404/201
f 403/404/202 404/403/202 406/405/202 405/406/202
f 405/406/203 406/405/203 408/407/203 407/408/203
f 407/408/204 408/407/204 410/409/204 409/410/204
f 409/410/205 410/409/205 412/411/205 411/412/205
f 411/412/206 412/411/206 414/413/206 413/414/206
f 413/414/207 414/413/207 416/415/207 415/416/207
f 415/416/208 416/415/208 418/417/208 417/418/208
f 417/418/209 418/417/209 420/419/209 419/420/209
f 419/420/210 420/419/210 422/421/210 421/422/210
f 421/422/211 422/421/211 424/423/211 423/424/211
f 423/424/212 424/423/212 426/425/212 425/426/212
f 425/426/213 426/425/213 428/427/213 427/428/213
f 427/428/214 428/427/214 430/429/214 429/430/214
f 429/430/215 430/429/215 432/431/215 431/432/215
f 431/432/216 432/431/216 434/433/216 433/434/216
f 433/434/217 434/433/217 436/435/217 435/436/217
f 435/436/218 436/435/218 438/437/218 437/438/218
f 437/438/219 438/437/219 440/439/219 439/440/219
f 439/440/220 440/439/220 442/441/220 441/442/220
f 441/442/221 442/441/221 444/443/221 443/444/221
f 443/444/222 444/443/222 446/445/222 445/446/222
f 445/446/223 446/445/223 448/447/223 447/448/223
f 447/448/224 448/447/224 450/449/224 449/450/224
f 449/450/225 450/449/225 452/451/225 451/452/225
f 451/452/226 452/451/226 454/453/226 453/454/226
f 453/454/227 454/453/227 456/455/227 455/456/227
f 455/456/228 456/455/228 458/457/228 457/458/228
f 457/458/229 458/457/229 460/459/229 459/460/229
f 459/460/230 460/459/230 462/461/230 461/462/230
f 461/462/231 462/461/231 464/463/231 463/464/231
f 463/464/232 464/463/232 466/465/232 465/466/232
f 465/466/233 466/465/233 468/467/233 467/468/233
f 467/468/234 468/467/234 470/469/234 469/470/234
f 469/470/235 470/469/235 472/471/235 471/472/235
f 471/472/236 472/471/236 474/473/236 473/474/236
f 473/474/237 474/473/237 476/475/237 475/476/237
f 475/476/238 476/475/238 478/477/238 477/478/238
f 477/478/239 478/477/239 480/479/239 479/480/239
f 479/480/240 480/479/240 482/481/240 481/482/240
f 481/482/241 482/481/241 484/483/241 483/484/241
f 483/484/242 484/483/242 486/485/242 485/486/242
f 485/486/243 486/485/243 488/487/243 487/488/243
f 487/488/244 488/487/244 490/489/244 489/490/244
f 489/490/245 490/489/245 492/491/245 491/492/245
f 491/492/246 492/491/246 494/493/246 493/494/246
f 493/494/247 494/493/247 496/495/247 495/496/247
f 495/496/248 496/495/248 498/497/248 497/498/248
f 497/498/249 498/497/249 500/499/249 499/500/249
f 499/500/250 500/499/250 502/501/250 501/502/250
f 501/502/251 502/501/251 504/503/251 503/504/251
f 503/504/252 504/503/252 506/505/252 505/506/252
f 505/506/253 506/505/253 508/507/253 507/508/253
f 507/508/254 508/507/254 510/509/254 509/510/254
f 509/510/255 510/509/255 512/511/255 511/512/255
f 511/512/256 512/511/256 514/513/256 513/514/256
f 513/514/257 514/513/257 516/515/257 515/516/257
f 515/516/258 516/515/258 518/517/258 517/518/258
f 517/518/259 518/517/259 520/519/259 519/520/259
f 519/520/260 520/519/260 522/521/260 521/522/260
f 521/522/261 522/521/261 524/523/261 523/524/261
f 523/524/262 524/523/262 526/525/262 525/526/262
f 525/526/263 526/525/263 528/527/263 527/528/263
f 527/528/264 528/527/264 530/529/264 529/530/264
f 529/530/265 530/529/265 532/531/265 531/532/265
f 531/532/266 532/531/266 534/533/266 533/534/266
f 533/534/267 534/533/267 536/535/267 535/536/267
f 535/536/268 536/535/268 538/537/268 537/538/268
f 537/538/269 538/537/269 540/539/269 539/540/269
f 539/540/270 540/539/270 542/541/270 541/542/270
f 541/542/271 542/541/271 544/543/271 543/544/271
f 543/544/272 544/543/272 546/545/272 545/546/272
f 545/546/273 546/545/273 548/547/273 547/548/273
f 547/548/274 548/547/274 550/549/274 549/550/274
f 549/550/275 550/549/275 552/551/275 551/552/275
f 551/552/276 552/551/276 554/553/276 553/554/276
f 553/554/277 554/553/277 556/555/277 555/556/277
f 555/556/278 556/555/278 558/557/278 557/558/278
f 557/558/279 558/557/279 560/559/279 559/560/279
f 559/560/280 560/559/280 562/561/280 561/562/280
f 561/562/281 562/561/281 564/563/281 563/564/281
f 563/564/282 564/563/282 566/565/282 565/566/282
f 565/566/283 566/565/283 568/567/283 567/568/283
f 567/568/284 568/567/284 570/569/284 569/570/284
f 569/570/285 570/569/285 572/571/285 571/572/285
f 571/572/286 572/571/286 574/573/286 573/574/286
f 573/574/287 574/573/287 576/575/287 575/576/287
f 575/576/288 576/575/288 578/577/288 577/578/288
f 577/578/289 578/577/289 580/579/289 579/580/289
f 579/580/290 580/579/290 582/581/290 581/582/290
f 581/582/291 582/581/291 584/583/291 583/584/291
f 583/584/292 584/583/292 586/585/292 585/586/292
f 585/586/293 586/585/293 588/587/293 587/588/293
f 587/588/294 588/587/294 590/589/294 589/590/294
f 589/590/295 590/589/295 592/591/295 591/592/295
f 591/592/296 592/591/296 594/593/296 593/594/296
f 593/594/297 594/593/297 596/595/297 595/596/297
f 595/596/298 596/595/298 598/597/298 597/598/298
f 597/598/299 598/597/299 600/599/299 599/600/299
f 599/600/300 600/599/300 602/601/300 601/602/300
f 601/602/301 602/601/301 604/603/301 603/604/301
f 603/604/302 604/603/302 606/605/302 605/606/302
f 605/606/303 606/605/303 608/607/303 607/608/303
f 607/608/304 608/607/304 610/609/304 609/610/304
f 609/610/305 610/609/305 612/611/305 611/612/305
f 611/612/306 612/611/306 614/613/306 613/614/306
f 613/614/307 614/613/307 616/615/307 615/616/307
f 615/616/308 616/615/308 618/617/308 617/618/308
f 617/618/309 618/617/309 620/619/309 619/620/309
f 619/620/310 620/619/310 622/621/310 621/622/310
f 621/622/311 622/621/311 624/623/311 623/624/311
f 623/624/312 624/623/312 626/625/312 625/626/312
f 625/626/313 626/625/313 628/627/313 627/628/313
f 627/628/314 628/627/314 630/629/314 629/630/314
f 629/630/315 630/629/315 632/631/315 631/632/315
f 631/632/316 632/631/316 634/633/316 633/634/316
f 633/634/317 634/633/317 636/635/317 635/636/317
f 635/636/318 636/635/318 638/637/318 637/638/318
f 637/638/319 638/637/319 640/639/319 639/640/319
f 639/640/320 640/639/320 642/641/320 641/642/320
f 641/642/321 642/641/321 644/643/321 643/644/321
f 643/644/322 644/643/322 646/645/322 645/646/322
f 645/646/323 646/645/323 648/647/323 647/648/323
f 647/648/324 648/647/324 650/649/324 649/650/324
f 649/650/325 650/649/325 652/651/325 651/652/325
f 651/652/326 652/651/326 654/653/326 653/654/326
f 653/654/327 654/653/327 656/655/327 655/656/327
f 655/656/328 656/655/328 658/657/328 657/658/328
f 657/658/329 658/657/329 660/659/329 659/660/329
f 659/660/330 660/659/330 662/661/330 661/662/330
f 661/662/331 662/661/331 664/663/331 663/664/331
f 663/664/332 664/663/332 666/665/332 665/666/332
f 665/666/333 666/665/333 668/667/333 667/668/333
f 667/668/334 668/667/334 670/669/334 669/670/334
f 669/670/335 670/669/335 672/671/335 671/672/335
f 671/672/336 672/671/336 674/673/336 673/674/336
f 673/674/337 674/673/337 676/675/337 675/676/337
f 675/676/338 676/675/338 678/677/338 677/678/338
f 677/678/339 678/677/339 680/679/339 679/680/339
f 679/680/340 680/679/340 682/681/340 681/682/340
f 681/682/341 682/681/341 684/683/341 683/684/341
f 683/684/342 684/683/342 686/685/342 685/686/342
f 685/686/343 686/685/343 688/687/343 687/688/343
f 687/688/344 688/687/344 690/689/344 689/690/344
f 689/690/345 690/689/345 692/691/345 691/692/345
f 691/692/346 692/691/346 694/693/346 693/694/346
f 693/694/347 694/693/347 696/695/347 695/696/347
f 695/696/348 696/695/348 698/697/348 697/698/348
f 697/698/349 698/697/349 700/699/349 699/700/349
f 699/700/350 700/699/350 702/701/350 701/702/350
f 701/702/351 702/701/351 704/703/351 703/704/351
f 703/704/352 704/703/352 706/705/352 705/706/352
f 705/706/353 706/705/353 708/707/353 707/708/353
f 707/708/354 708/707/354 710/709/354 709/710/354
f 709/710/355 710/709/355 712/711/355 711/712/355
f 711/712/356 712/711/356 714/713/356 713/714/356
f 713/714/357 714/713/357 716/715/357 715/716/357
f 715/716/358 716/715/358 718/717/358 717/718/358
f 717/718/359 718/717/359 720/719/359 719/720/359
f 719/720/360 720/719/360 722/721/360 721/722/360
f 721/722/361 722/721/361 724/723/361 723/724/361
f 723/724/362 724/723/362 726/725/362 725/726/362
f 725/726/363 726/725/363 728/727/363 727/728/363
f 727/728/364 728/727/364 730/729/364 729/730/364
f 729/730/365 730/729/365 732/731/365 731/732/365
f 731/732/366 732/731/366 734/733/366 733/734/366
f 733/734/367 734/733/367 736/735/367 735/736/367
f 735/736/368 736/735/368 738/737/368 737/738/368
f 737/738/369 738/737/369 740/739/369 739/740/369
f 739/740/370 740/739/370 742/741/370 741/742/370
f 741/742/371 742/741/371 744/743/371 743/744/371
f 743/744/372 744/743/372 746/745/372 745/746/372
f 745/746/373 746/745/373 748/747/373 747/748/373
f 747/748/374 748/747/374 750/749/374 749/750/374
f 749/750/375 750/749/375 752/751/375 751/752/375
f 751/752/376 752/751/376 754/753/376 753/754/376
f 753/754/377 754/753/377 756/755/377 755/756/377
f 755/756/378 756/755/378 758/757/378 757/758/378
f 757/758/379 758/757/379 760/759/379 759/760/379
f 759/760/380 760/759/380 762/761/380 761/762/380
f 761/762/381 762/761/381 764/763/381 763/764/381
f 763/764/382 764/763/382 766/765/382 765/766/382
f 765/766/383 766/765/383 768/767/383 767/768/383
f 767/768/384 768/767/384 770/769/384 769/770/384
f 769/770/385 770/769/385 772/771/385 771/772/385
f 771/772/386 772/771/386 774/773/386 773/774/386
f 773/774/387 774/773/387 776/775/387 775/776/387
f 775/776/388 776/775/388 778/777/388 777/778/388
f 777/778/389 778/777/389 780/779/389 779/780/389
f 779/780/390 780/779/390 782/781/390 781/782/390
f 781/782/391 782/781/391 784/783/391 783/784/391
f 783/784/392 784/783/392 786/785/392 785/786/392
f 785/786/393 786/785/393 788/787/393 787/788/393
f 787/788/394 788/787/394 790/789/394 789/790/394
f 789/790/395 790/789/395 792/791/395 791/792/395
f 791/792/396 792/791/396 794/793/396 793/794/396
f 793/794/397 794/793/397 796/795/397 795/796/397
f 795/796/398 796/795/398 798/797/398 797/798/398
f 797/798/399 798/797/399 800/799/399 799/800/399
f 799/800/400 800/799/400 802/801/400 801/802/400
f 801/802/401 802/801/401 804/803/401 803/804/401
f 803/804/402 804/803/402 806/805/402 805/806/402
f 805/806/403 806/805/403 808/807/403 807/808/403
f 807/808/404 808/807/404 810/809/404 809/810/404
f 809/810/405 810/809/405 812/811/405 811/812/405
f 811/812/406 812/811/406 814/813/406 813/814/406
f 813/814/407 814/813/407 816/815/407 815/816/407
f 815/816/408 816/815/408 818/817/408 817/818/408
f 817/818/409 818/817/409 820/819/409 819/820/409
f 819/820/410 820/819/410 822/821/410 821/822/410
f 821/822/411 822/821/411 824/823/411 823/824/411
f 823/824/412 824/823/412 826/825/412 825/826/412
f 825/826/413 826/825/413 828/827/413 827/828/413
f 827/828/414 828/827/414 830/829/414 829/830/414
f 829/830/415 830/829/415 832/831/415 831/832/415
f 831/832/416 832/831/416 834/833/416 833/834/416
f 833/834/417 834/833/417 836/835/417 835/836/417
f 835/836/418 836/835/418 838/837/418 837/838/418
f 837/838/419 838/837/419 840/839/419 839/840/419
f 839/840/420 840/839/420 842/841/420 841/842/420
f 841/842/421 842/841/421 844/843/421 843/844/421
f 843/844/422 844/843/422 846/845/422 845/846/422
f 845/846/423 846/845/423 848/847/423 847/848/423
f 847/848/424 848/847/424 850/849/424 849/850/424
f 849/850/425 850/849/425 852/851/425 851/852/425
f 851/852/426 852/851/426 854/853/426 853/854/426
f 853/854/427 854/853/427 856/855/427 855/856/427
f 855/856/428 856/855/428 858/857/428 857/858/428
f 857/858/429 858/857/429 860/859/429 859/860/429
f 859/860/430 860/859/430 862/861/430 861/862/430
f 861/862/431 862/861/431 864/863/431 863/864/431
f 863/864/432 864/863/432 866/865/432 865/866/432
f 865/866/433 866/865/433 868/867/433 867/868/433
f 867/868/434 868/867/434 870/869/434 869/870/434
f 869/870/435 870/869/435 872/871/435 871/872/435
f 871/872/436 872/871/436 874/873/436 873/874/436
f 873/874/437 874/873/437 876/875/437 875/876/437
f 875/876/438 876/875/438 878/877/438 877/878/438
f 877/878/439 878/877/439 880/879/439 879/880/439
f 879/880/440 880/879/440 882/881/440 881/882/440
f 881/882/441 882/881/441 884/883/441 883/884/441
f 883/884/442 884/883/442 886/885/442 885/886/442
f 885/886/443 886/885/443 888/887/443 887/888/443
f 887/888/444 888/887/444 890/889/444 889/890/444
f 889/890/445 890/889/445 892/891/445 891/892/445
f 891/892/446 892/891/446 894/893/446 893/894/446
f 893/894/447 894/893/447 896/895/447 895/896/447
f 895/896/448 896/895/448 898/897/448 897/898/448
f 897/898/449 898/897/449 900/899/449 899/900/449
f 899/900/450 900/899/450 902/901/450 901/902/450
f 901/902/451 902/901/451 904/903/451 903/904/451
f 903/904/452 904/903/452 906/905/452 905/906/452
f 905/906/453 906/905/453 908/907/453 907/908/453
f 907/908/454 908/907/454 910/909/454 909/910/454
f 909/910/455 910/909/455 912/911/455 911/912/455
f 911/912/456 912/911/456 914/913/456 913/914/456
f 913/914/457 914/913/457 916/915/457 915/916/457
f 915/916/458 916/915/458 918/917/458 917/918/458
f 917/918/459 918/917/459 920/919/459 919/920/459
f 919/920/460 920/919/460 922/921/460 921/922/460
f 921/922/461 922/921/461 924/923/461 923/924/461
f 923/924/462 924/923/462 926/925/462 925/926/462
f 925/926/463 926/925/463 928/927/463 927/928/463
f 927/928/464 928/927/464 930/929/464 929/930/464
f 929/930/465 930/929/465 932/931/465 931/932/465
f 931/932/466 932/931/466 934/933/466 933/934/466
f 933/934/467 934/933/467 936/935/467 935/936/467
f 935/936/468 936/935/468 938/937/468 937/938/468
f 937/938/469 938/937/469 940/939/469 939/940/469
f 939/940/470 940/939/470 942/941/470 941/942/470
f 941/942/471 942/941/471 944/943/471 943/944/471
f 943/944/472 944/943/472 946/945/472 945/946/472
f 945/946/473 946/945/473 948/947/473 947/948/473
f 947/948/474 948/947/474 950/949/474 949/950/474
f 949/950/475 950/949/475 952/951/475 951/952/475
f 951/952/476 952/951/476 954/953/476 953/954/476
f 953/954/477 954/953/477 956/955/477 955/956/477
f 955/956/478 956/955/478 958/957/478 957/958/478
f 957/958/479 958/957/479 960/959/479 959/960/479
f 959/960/480 960/959/480 962/961/480 961/962/480
f 961/962/481 962/961/481 964/963/481 963/964/481
f 963/964/482 964/963/482 966/965/482 965/966/482
f 965/966/483 966/965/483 968/967/483 967/968/483
f 967/968/484 968/967/484 970/969/484 969/970/484
f 4/971/485 2/972/485 972/973/485 970/974/485 968/975/485 966/976/485 964/977/485 962/978/485 960/979/485 958/980/485 956/981/485 954/982/485 952/983/485 950/984/485 948/985/485 946/986/485 944/987/485 942/988/485 940/989/485 938/990/485 936/991/485 934/992/485 932/993/485 930/994/485 928/995/485 926/996/485 924/997/485 922/998/485 920/999/485 918/1000/485 916/1001/485 914/1002/485 912/1003/485 910/1004/485 908/1005/485 906/1006/485 904/1007/485 902/1008/485 900/1009/485 898/1010/485 896/1011/485 894/1012/485 892/1013/485 890/1014/485 888/1015/485 886/1016/485 884/1017/485 882/1018/485 880/1019/485 878/1020/485 876/1021/485 874/1022/485 872/1023/485 870/1024/485 868/1025/485 866/1026/485 864/1027/485 862/1028/485 860/1029/485 858/1030/485 856/1031/485 854/1032/485 852/1033/485 850/1034/485 848/1035/485 846/1036/485 844/1037/485 842/1038/485 840/1039/485 838/1040/485 836/1041/485 834/1042/485 832/1043/485 830/1044/485 828/1045/485 826/1046/485 824/1047/485 822/1048/485 820/1049/485 818/1050/485 816/1051/485 814/1052/485 812/1053/485 810/1054/485 808/1055/485 806/1056/485 804/1057/485 802/1058/485 800/1059/485 798/1060/485 796/1061/485 794/1062/485 792/1063/485 790/1064/485 788/1065/485 786/1066/485 784/1067/485 782/1068/485 780/1069/485 778/1070/485 776/1071/485 774/1072/485 772/1073/485 770/1074/485 768/1075/485 766/1076/485 764/1077/485 762/1078/485 760/1079/485 758/1080/485 756/1081/485 754/1082/485 752/1083/485 750/1084/485 748/1085/485 746/1086/485 744/1087/485 742/1088/485 740/1089/485 738/1090/485 736/1091/485 734/1092/485 732/1093/485 730/1094/485 728/1095/485 726/1096/485 724/1097/485 722/1098/485 720/1099/485 718/1100/485 716/1101/485 714/1102/485 712/1103/485 710/1104/485 708/1105/485 706/1106/485 704/1107/485 702/1108/485 700/1109/485 698/1110/485 696/1111/485 694/1112/485 692/1113/485 690/1114/485 688/1115/485 686/1116/485 684/1117/485 682/1118/485 680/1119/485 678/1120/485 676/1121/485 674/1122/485 672/1123/485 670/1124/485 668/1125/485 666/1126/485 664/1127/485 662/1128/485 660/1129/485 658/1130/485 656/1131/485 654/1132/485 652/1133/485 650/1134/485 648/1135/485 646/1136/485 644/1137/485 642/1138/485 640/1139/485 638/1140/485 636/1141/485 634/1142/485 632/1143/485 630/1144/485 628/1145/485 626/1146/485 624/1147/485 622/1148/485 620/1149/485 618/1150/485 616/1151/485 614/1152/485 612/1153/485 610/1154/485 608/1155/485 606/1156/485 604/1157/485 602/1158/485 600/1159/485 598/1160/485 596/1161/485 594/1162/485 592/1163/485 590/1164/485 588/1165/485 586/1166/485 584/1167/485 582/1168/485 580/1169/485 578/1170/485 576/1171/485 574/1172/485 572/1173/485 570/1174/485 568/1175/485 566/1176/485 564/1177/485 562/1178/485 560/1179/485 558/1180/485 556/1181/485 554/1182/485 552/1183/485 550/1184/485 548/1185/485 546/1186/485 544/1187/485 542/1188/485 540/1189/485 538/1190/485 536/1191/485 534/1192/485 532/1193/485 530/1194/485 528/1195/485 526/1196/485 524/1197/485 522/1198/485 520/1199/485 518/1200/485 516/1201/485 514/1202/485 512/1203/485 510/1204/485 508/1205/485 506/1206/485 504/1207/485 502/1208/485 500/1209/485 498/1210/485 496/1211/485 494/1212/485 492/1213/485 490/1214/485 488/1215/485 486/1216/485 484/1217/485 482/1218/485 480/1219/485 478/1220/485 476/1221/485 474/1222/485 472/1223/485 470/1224/485 468/1225/485 466/1226/485 464/1227/485 462/1228/485 460/1229/485 458/1230/485 456/1231/485 454/1232/485 452/1233/485 450/1234/485 448/1235/485 446/1236/485 444/1237/485 442/1238/485 440/1239/485 438/1240/485 436/1241/485 434/1242/485 432/1243/485 430/1244/485 428/1245/485 426/1246/485 424/1247/485 422/1248/485 420/1249/485 418/1250/485 416/1251/485 414/1252/485 412/1253/485 410/1254/485 408/1255/485 406/1256/485 404/1257/485 402/1258/485 400/1259/485 398/1260/485 396/1261/485 394/1262/485 392/1263/485 390/1264/485 388/1265/485 386/1266/485 384/1267/485 382/1268/485 380/1269/485 378/1270/485 376/1271/485 374/1272/485 372/1273/485 370/1274/485 368/1275/485 366/1276/485 364/1277/485 362/1278/485 360/1279/485 358/1280/485 356/1281/485 354/1282/485 352/1283/485 350/1284/485 348/1285/485 346/1286/485 344/1287/485 342/1288/485 340/1289/485 338/1290/485 336/1291/485 334/1292/485 332/1293/485 330/1294/485 328/1295/485 326/1296/485 324/1297/485 322/1298/485 320/1299/485 318/1300/485 316/1301/485 314/1302/485 312/1303/485 310/1304/485 308/1305/485 306/1306/485 304/1307/485 302/1308/485 300/1309/485 298/1310/485 296/1311/485 294/1312/485 292/1313/485 290/1314/485 288/1315/485 286/1316/485 284/1317/485 282/1318/485 280/1319/485 278/1320/485 276/1321/485 274/1322/485 272/1323/485 270/1324/485 268/1325/485 266/1326/485 264/1327/485 262/1328/485 260/1329/485 258/1330/485 256/1331/485 254/1332/485 252/1333/485 250/1334/485 248/1335/485 246/1336/485 244/1337/485 242/1338/485 240/1339/485 238/1340/485 236/1341/485 234/1342/485 232/1343/485 230/1344/485 228/1345/485 226/1346/485 224/1347/485 222/1348/485 220/1349/485 218/1350/485 216/1351/485 214/1352/485 212/1353/485 210/1354/485 208/1355/485 206/1356/485 204/1357/485 202/1358/485 200/1359/485 198/1360/485 196/1361/485 194/1362/485 192/1363/485 190/1364/485 188/1365/485 186/1366/485 184/1367/485 182/1368/485 180/1369/485 178/1370/485 176/1371/485 174/1372/485 172/1373/485 170/1374/485 168/1375/485 166/1376/485 164/1377/485 162/1378/485 160/1379/485 158/1380/485 156/1381/485 154/1382/485 152/1383/485 150/1384/485 148/1385/485 146/1386/485 144/1387/485 142/1388/485 140/1389/485 138/1390/485 136/1391/485 134/1392/485 132/1393/485 130/1394/485 128/1395/485 126/1396/485 124/1397/485 122/1398/485 120/1399/485 118/1400/485 116/1401/485 114/1402/485 112/1403/485 110/1404/485 108/1405/485 106/1406/485 104/1407/485 102/1408/485 100/1409/485 98/1410/485 96/1411/485 94/1412/485 92/1413/485 90/1414/485 88/1415/485 86/1416/485 84/1417/485 82/1418/485 80/1419/485 78/1420/485 76/1421/485 74/1422/485 72/1423/485 70/1424/485 68/1425/485 66/1426/485 64/1427/485 62/1428/485 60/1429/485 58/1430/485 56/1431/485 54/1432/485 52/1433/485 50/1434/485 48/1435/485 46/1436/485 44/1437/485 42/1438/485 40/1439/485 38/1440/485 36/1441/485 34/1442/485 32/1443/485 30/1444/485 28/1445/485 26/1446/485 24/1447/485 22/1448/485 20/1449/485 18/1450/485 16/1451/485 14/1452/485 12/1453/485 10/1454/485 8/1455/485 6/1456/485
f 969/970/486 970/969/486 972/1457/486 971/1458/486
f 971/1458/487 972/1457/487 2/1459/487 1/1460/487
f 1/1461/488 3/1462/488 5/1463/488 7/1464/488 9/1465/488 11/1466/488 13/1467/488 15/1468/488 17/1469/488 19/1470/488 21/1471/488 23/1472/488 25/1473/488 27/1474/488 29/1475/488 31/1476/488 33/1477/488 35/1478/488 37/1479/488 39/1480/488 41/1481/488 43/1482/488 45/1483/488 47/1484/488 49/1485/488 51/1486/488 53/1487/488 55/1488/488 57/1489/488 59/1490/488 61/1491/488 63/1492/488 65/1493/488 67/1494/488 69/1495/488 71/1496/488 73/1497/488 75/1498/488 77/1499/488 79/1500/488 81/1501/488 83/1502/488 85/1503/488 87/1504/488 89/1505/488 91/1506/488 93/1507/488 95/1508/488 97/1509/488 99/1510/488 101/1511/488 103/1512/488 105/1513/488 107/1514/488 109/1515/488 111/1516/488 113/1517/488 115/1518/488 117/1519/488 119/1520/488 121/1521/488 123/1522/488 125/1523/488 127/1524/488 129/1525/488 131/1526/488 133/1527/488 135/1528/488 137/1529/488 139/1530/488 141/1531/488 143/1532/488 145/1533/488 147/1534/488 149/1535/488 151/1536/488 153/1537/488 155/1538/488 157/1539/488 159/1540/488 161/1541/488 163/1542/488 165/1543/488 167/1544/488 169/1545/488 171/1546/488 173/1547/488 175/1548/488 177/1549/488 179/1550/488 181/1551/488 183/1552/488 185/1553/488 187/1554/488 189/1555/488 191/1556/488 193/1557/488 195/1558/488 197/1559/488 199/1560/488 201/1561/488 203/1562/488 205/1563/488 207/1564/488 209/1565/488 211/1566/488 213/1567/488 215/1568/488 217/1569/488 219/1570/488 221/1571/488 223/1572/488 225/1573/488 227/1574/488 229/1575/488 231/1576/488 233/1577/488 235/1578/488 237/1579/488 239/1580/488 241/1581/488 243/1582/488 245/1583/488 247/1584/488 249/1585/488 251/1586/488 253/1587/488 255/1588/488 257/1589/488 259/1590/488 261/1591/488 263/1592/488 265/1593/488 267/1594/488 269/1595/488 271/1596/488 273/1597/488 275/1598/488 277/1599/488 279/1600/488 281/1601/488 283/1602/488 285/1603/488 287/1604/488 289/1605/488 291/1606/488 293/1607/488 295/1608/488 297/1609/488 299/1610/488 301/1611/488 303/1612/488 305/1613/488 307/1614/488 309/1615/488 311/1616/488 313/1617/488 315/1618/488 317/1619/488 319/1620/488 321/1621/488 323/1622/488 325/1623/488 327/1624/488 329/1625/488 331/1626/488 333/1627/488 335/1628/488 337/1629/488 339/1630/488 341/1631/488 343/1632/488 345/1633/488 347/1634/488 349/1635/488 351/1636/488 353/1637/488 355/1638/488 357/1639/488 359/1640/488 361/1641/488 363/1642/488 365/1643/488 367/1644/488 369/1645/488 371/1646/488 373/1647/488 375/1648/488 377/1649/488 379/1650/488 381/1651/488 383/1652/488 385/1653/488 387/1654/488 389/1655/488 391/1656/488 393/1657/488 395/1658/488 397/1659/488 399/1660/488 401/1661/488 403/1662/488 405/1663/488 407/1664/488 409/1665/488 411/1666/488 413/1667/488 415/1668/488 417/1669/488 419/1670/488 421/1671/488 423/1672/488 425/1673/488 427/1674/488 429/1675/488 431/1676/488 433/1677/488 435/1678/488 437/1679/488 439/1680/488 441/1681/488 443/1682/488 445/1683/488 447/1684/488 449/1685/488 451/1686/488 453/1687/488 455/1688/488 457/1689/488 459/1690/488 461/1691/488 463/1692/488 465/1693/488 467/1694/488 469/1695/488 471/1696/488 473/1697/488 475/1698/488 477/1699/488 479/1700/488 481/1701/488 483/1702/488 485/1703/488 487/1704/488 489/1705/488 491/1706/488 493/1707/488 495/1708/488 497/1709/488 499/1710/488 501/1711/488 503/1712/488 505/1713/488 507/1714/488 509/1715/488 511/1716/488 513/1717/488 515/1718/488 517/1719/488 519/1720/488 521/1721/488 523/1722/488 525/1723/488 527/1724/488 529/1725/488 531/1726/488 533/1727/488 535/1728/488 537/1729/488 539/1730/488 541/1731/488 543/1732/488 545/1733/488 547/1734/488 549/1735/488 551/1736/488 553/1737/488 555/1738/488 557/1739/488 559/1740/488 561/1741/488 563/1742/488 565/1743/488 567/1744/488 569/1745/488 571/1746/488 573/1747/488 575/1748/488 577/1749/488 579/1750/488 581/1751/488 583/1752/488 585/1753/488 587/1754/488 589/1755/488 591/1756/488 593/1757/488 595/1758/488 597/1759/488 599/1760/488 601/1761/488 603/1762/488 605/1763/488 607/1764/488 609/1765/488 611/1766/488 613/1767/488 615/1768/488 617/1769/488 619/1770/488 621/1771/488 623/1772/488 625/1773/488 627/1774/488 629/1775/488 631/1776/488 633/1777/488 635/1778/488 637/1779/488 639/1780/488 641/1781/488 643/1782/488 645/1783/488 647/1784/488 649/1785/488 651/1786/488 653/1787/488 655/1788/488 657/1789/488 659/1790/488 661/1791/488 663/1792/488 665/1793/488 667/1794/488 669/1795/488 671/1796/488 673/1797/488 675/1798/488 677/1799/488 679/1800/488 681/1801/488 683/1802/488 685/1803/488 687/1804/488 689/1805/488 691/1806/488 693/1807/488 695/1808/488 697/1809/488 699/1810/488 701/1811/488 703/1812/488 705/1813/488 707/1814/488 709/1815/488 711/1816/488 713/1817/488 715/1818/488 717/1819/488 719/1820/488 721/1821/488 723/1822/488 725/1823/488 727/1824/488 729/1825/488 731/1826/488 733/1827/488 735/1828/488 737/1829/488 739/1830/488 741/1831/488 743/1832/488 745/1833/488 747/1834/488 749/1835/488 751/1836/488 753/1837/488 755/1838/488 757/1839/488 759/1840/488 761/1841/488 763/1842/488 765/1843/488 767/1844/488 769/1845/488 771/1846/488 773/1847/488 775/1848/488 777/1849/488 779/1850/488 781/1851/488 783/1852/488 785/1853/488 787/1854/488 789/1855/488 791/1856/488 793/1857/488 795/1858/488 797/1859/488 799/1860/488 801/1861/488 803/1862/488 805/1863/488 807/1864/488 809/1865/488 811/1866/488 813/1867/488 815/1868/488 817/1869/488 819/1870/488 821/1871/488 823/1872/488 825/1873/488 827/1874/488 829/1875/488 831/1876/488 833/1877/488 835/1878/488 837/1879/488 839/1880/488 841/1881/488 843/1882/488 845/1883/488 847/1884/488 849/1885/488 851/1886/488 853/1887/488 855/1888/488 857/1889/488 859/1890/488 861/1891/488 863/1892/488 865/1893/488 867/1894/488 869/1895/488 871/1896/488 873/1897/488 875/1898/488 877/1899/488 879/1900/488 881/1901/488 883/1902/488 885/1903/488 887/1904/488 889/1905/488 891/1906/488 893/1907/488 895/1908/488 897/1909/488 899/1910/488 901/1911/488 903/1912/488 905/1913/488 907/1914/488 909/1915/488 911/1916/488 913/1917/488 915/1918/488 917/1919/488 919/1920/488 921/1921/488 923/1922/488 925/1923/488 927/1924/488 929/1925/488 931/1926/488 933/1927/488 935/1928/488 937/1929/488 939/1930/488 941/1931/488 943/1932/488 945/1933/488 947/1934/488 949/1935/488 951/1936/488 953/1937/488 955/1938/488 957/1939/488 959/1940/488 961/1941/488 963/1942/488 965/1943/488 967/1944/488 969/1945/488 971/1946/488
